,Y,N,forest,grassland,cropland,temp,precip,humanPop,protected,ecoregion
7524,0,2,0.285714286,0.571428571,0,41,1609.5,0,1,MARINE WEST COAST FOREST
7952,0,13,0.428571429,0.285714286,0,45,1632,0,1,MARINE WEST COAST FOREST
11405,0,2,0.2,0.6,0,24,676,8.062904618,0,MARINE WEST COAST FOREST
12243,0,3,0.3,0.5,0,10.5,774,0.008718806,1,MARINE WEST COAST FOREST
13251,0,10,0.25,0.5,0,12,511,110.013985,1,MARINE WEST COAST FOREST
13592,0,7,0.4,0.4,0,14,541,39.56049066,1,MARINE WEST COAST FOREST
14113,0,2,0.142857143,0.428571429,0,5.5,1030.5,0.001540922,1,MARINE WEST COAST FOREST
14612,0,2,0.666666667,0.333333333,0,10,687.5,4.88E-08,0,MARINE WEST COAST FOREST
14790,0,5,0.333333333,0.333333333,0,32,1463,0.031282528,1,MARINE WEST COAST FOREST
15127,0,3,0.375,0.25,0,12.5,1265.5,0.034265382,0,MARINE WEST COAST FOREST
16144,3,38,0.222222222,0.333333333,0,17.25,459.75,1405.491577,1,MARINE WEST COAST FOREST
16499,1,2,0.333333333,0.333333333,0,15,474.75,38.69497748,0,MARINE WEST COAST FOREST
16687,0,3,0.3,0.4,0,10,981,17.95312595,1,MARINE WEST COAST FOREST
17017,0,2,0,0.333333333,0,-84.25,507.25,0,1,NORTHWESTERN FORESTED MOUNTAINS
17582,0,3,0.2,0.6,0,18.5,424,0,1,MARINE WEST COAST FOREST
17759,0,8,0,1,0,-13.5,507,0,1,NORTHWESTERN FORESTED MOUNTAINS
18082,0,4,0,1,0,-49.33333333,499.6666667,0,1,NORTHWESTERN FORESTED MOUNTAINS
18428,0,3,0,0.75,0,-68.5,510.5,0,1,NORTHWESTERN FORESTED MOUNTAINS
18765,0,2,0.2,0.8,0,-41,538,0,1,NORTHWESTERN FORESTED MOUNTAINS
19104,0,4,0,0.6,0,-55.5,527,0,1,NORTHWESTERN FORESTED MOUNTAINS
19492,1,2,0.3,0.5,0,14,1126.5,0.003816763,1,MARINE WEST COAST FOREST
19970,0,37,0,0.75,0,-63,490.75,0,1,NORTHWESTERN FORESTED MOUNTAINS
20325,0,2,0,0.75,0,-61.5,475,0,1,NORTHWESTERN FORESTED MOUNTAINS
20859,0,12,0.333333333,0.666666667,0,-46.5,449.5,0,1,NORTHWESTERN FORESTED MOUNTAINS
21229,0,4,0.25,0.5,0,-53.5,399.25,0,1,NORTHWESTERN FORESTED MOUNTAINS
21601,0,11,0.285714286,0.571428571,0,-49,378,1.109501015,1,NORTHWESTERN FORESTED MOUNTAINS
24263,0,2,0,0.75,0,-61,252,0,0,NORTHWESTERN FORESTED MOUNTAINS
27710,0,9,0.2,0.8,0,-57.5,266.5,0.0190877,1,NORTHWESTERN FORESTED MOUNTAINS
31431,0,2,0,0,0,10,1857,0,1,MARINE WEST COAST FOREST
31977,0,175,0.428571429,0.285714286,0,48.5,2329,121.7217108,0,MARINE WEST COAST FOREST
32523,0,5,0.428571429,0.428571429,0,35.75,2227.75,0.013446444,0,MARINE WEST COAST FOREST
32839,2,16,0.5,0,0,80,2338,0.001530254,1,MARINE WEST COAST FOREST
33105,1,3,0.5,0,0,71,2458,0.001530306,1,MARINE WEST COAST FOREST
33379,2,7,0.6,0,0,76,2207,0.001496258,1,MARINE WEST COAST FOREST
33652,1,3,0.5,0,0,74,1322,1.86542354,1,MARINE WEST COAST FOREST
33868,0,5,0.4,0.2,0,43,1531,9.29228072,0,MARINE WEST COAST FOREST
34143,0,2,0.428571429,0.428571429,0,43.5,1530.75,0,0,MARINE WEST COAST FOREST
34219,0,3,1,0,0,120,1124,11.01477412,0,MARINE WEST COAST FOREST
34469,0,7,0.3,0.3,0.1,113.5,1457,110.2325558,0,MARINE WEST COAST FOREST
34490,0,2,1,0,0,115,1172,0.29511012,1,MARINE WEST COAST FOREST
34676,0,2,0.285714286,0.571428571,0,-34.5,577.5,0.007114519,0,NORTHWESTERN FORESTED MOUNTAINS
34771,0,2,0.5,0.5,0,115.5,1755.5,19.15070148,0,MARINE WEST COAST FOREST
35054,0,2,0.4,0.2,0,74,1530.5,0.171104118,1,MARINE WEST COAST FOREST
35076,0,15,1,0,0,108,1526,1.079543034,0,MARINE WEST COAST FOREST
35369,1,16,0.428571429,0.428571429,0,116,1225,247.411386,0,MARINE WEST COAST FOREST
35404,0,2,0.2,0.8,0,127.5,1134,2.99102217,0,MARINE WEST COAST FOREST
35418,0,56,0.285714286,0.428571429,0,130.6666667,993.6666667,13.08504652,1,MEDITERRANEAN CALIFORNIA
35685,0,6,0.6,0.4,0,110.6666667,1405,5.593069521,0,MARINE WEST COAST FOREST
35714,0,25,0.333333333,0.444444444,0.111111111,126.5,1174,247.214369,1,MEDITERRANEAN CALIFORNIA
35727,0,18,0.333333333,0.5,0,133,1117,145.4215781,0,MARINE WEST COAST FOREST
35921,0,2,0.333333333,0.444444444,0,16.5,1083,0.525193091,0,MARINE WEST COAST FOREST
36020,0,6,0.333333333,0.666666667,0,120,1239,5.255744711,0,NORTHWESTERN FORESTED MOUNTAINS
36033,0,2,0.4,0.4,0,139.5,1107.5,17.12324417,0,MEDITERRANEAN CALIFORNIA
36043,0,6,0.5,0.5,0,135.5,959.5,8.324601849,0,MEDITERRANEAN CALIFORNIA
36054,0,6,0.5,0.5,0,129,733,6.148741782,0,MARINE WEST COAST FOREST
36251,0,2,0.5,0,0,38,1296,0.160761602,1,MARINE WEST COAST FOREST
36317,3,5,0.571428571,0.428571429,0,105,1562.5,0.021168799,1,MARINE WEST COAST FOREST
36362,0,16,0.166666667,0.5,0.166666667,140.5,1086.5,302.9272231,1,MEDITERRANEAN CALIFORNIA
36372,0,171,0.5,0.333333333,0,137.5,956.5,695.8027288,1,MEDITERRANEAN CALIFORNIA
36382,0,65,0.6,0.4,0,132.5,704,56.11877094,1,MARINE WEST COAST FOREST
36586,3,20,0.25,0.375,0,34.5,1430.5,177.2198384,1,MARINE WEST COAST FOREST
36643,1,7,0.444444444,0.333333333,0,103,1826.5,13.96088989,0,MARINE WEST COAST FOREST
36692,0,12,0.5,0.5,0,133.5,1096,3.866323597,0,MEDITERRANEAN CALIFORNIA
36702,0,41,0.222222222,0.333333333,0.111111111,139.5,863,245.7701938,1,MEDITERRANEAN CALIFORNIA
36712,0,287,0.333333333,0.5,0,136,675,993.4300601,1,MARINE WEST COAST FOREST
36722,0,56,0.285714286,0.285714286,0,130,512,894.4365234,1,MEDITERRANEAN CALIFORNIA
36926,1,3,0.375,0.5,0,18.5,1361.5,149.0954876,1,MARINE WEST COAST FOREST
36994,1,4,0.6,0.4,0,107,1441,1.840272734,0,NORTHWESTERN FORESTED MOUNTAINS
37039,1,12,0.5,0.5,0,140,1049,33.48956172,0,MEDITERRANEAN CALIFORNIA
37051,0,67,0,0.428571429,0,139,595.5,1511.199186,1,MEDITERRANEAN CALIFORNIA
37061,0,44,0.25,0.5,0,131.5,496.5,599.5007024,1,MEDITERRANEAN CALIFORNIA
37266,0,2,0.333333333,0.555555556,0,8,1319,13.89499121,1,MARINE WEST COAST FOREST
37339,0,2,0.6,0.4,0,113,1292,9.813640773,1,NORTHWESTERN FORESTED MOUNTAINS
37382,0,40,0.166666667,0.666666667,0,142,940,58.88232064,1,MEDITERRANEAN CALIFORNIA
37395,0,78,0.111111111,0.333333333,0.111111111,143.25,512.5,1124.273244,1,MEDITERRANEAN CALIFORNIA
37405,0,61,0,0.666666667,0,135.5,440,589.748394,1,MEDITERRANEAN CALIFORNIA
37722,0,6,0.25,0.75,0,87,1312,0,1,NORTHWESTERN FORESTED MOUNTAINS
37748,0,8,0,0.333333333,0.166666667,146,629,1145.637061,1,MEDITERRANEAN CALIFORNIA
37758,0,101,0,0.25,0,149.5,411,1181.024763,1,MEDITERRANEAN CALIFORNIA
37768,0,7,0,0.5,0.25,139,470,51.5464983,0,MEDITERRANEAN CALIFORNIA
37779,0,2,0.333333333,0.666666667,0,114.5,724.5,0.319723962,1,MEDITERRANEAN CALIFORNIA
38098,0,2,0.333333333,0.666666667,0,86.5,1285,0.095132285,1,NORTHWESTERN FORESTED MOUNTAINS
38123,0,4,0.166666667,0.5,0.166666667,145.5,848,126.4974476,1,MEDITERRANEAN CALIFORNIA
38133,0,73,0.333333333,0.5,0,144,562,238.7241508,1,MEDITERRANEAN CALIFORNIA
38143,0,180,0.375,0.375,0.125,148,569,1445.627977,1,MEDITERRANEAN CALIFORNIA
38153,0,3,0,0.5,0.25,137,436,585.706156,1,MEDITERRANEAN CALIFORNIA
38345,0,2,0,0.75,0,-26,541,6.92E-05,1,NORTHWESTERN FORESTED MOUNTAINS
38501,0,3,0,0.833333333,0,137,788.5,1.95671882,0,MEDITERRANEAN CALIFORNIA
38518,0,44,0.2,0.6,0,146,549,1214.268719,1,MEDITERRANEAN CALIFORNIA
38528,0,152,0,0.333333333,0,148,522.75,3578.215472,1,MEDITERRANEAN CALIFORNIA
38538,0,2,0,0.571428571,0.142857143,139,414.5,613.055376,1,MEDITERRANEAN CALIFORNIA
38838,0,2,0.5,0.5,0,92.5,1621.5,0.520194362,1,NORTHWESTERN FORESTED MOUNTAINS
38910,0,2,0.2,0.8,0,148.5,766,11.7285865,0,MEDITERRANEAN CALIFORNIA
38923,0,16,0.285714286,0.428571429,0.142857143,148,461,604.9853379,1,MEDITERRANEAN CALIFORNIA
38933,0,6,0.25,0.5,0,145,598,142.3490191,1,MEDITERRANEAN CALIFORNIA
38959,0,12,0.125,0.625,0.125,134,233,129.0597269,1,MEDITERRANEAN CALIFORNIA
39308,0,3,0,1,0,143,630,0.087901513,0,MEDITERRANEAN CALIFORNIA
39320,0,5,0.333333333,0.5,0,148.5,766,3.376262371,1,MEDITERRANEAN CALIFORNIA
39334,0,14,0,0.75,0,148.5,457,421.9545816,1,MEDITERRANEAN CALIFORNIA
39345,0,8,0.333333333,0.444444444,0.111111111,146.5,498.5,512.8649931,1,MEDITERRANEAN CALIFORNIA
39367,0,8,0,1,0,130,374,0.107646107,0,MEDITERRANEAN CALIFORNIA
39668,0,2,0.25,0.75,0,84.5,1439,0,1,NORTHWESTERN FORESTED MOUNTAINS
39732,0,2,0.166666667,0.666666667,0.166666667,147,669,1.370786907,1,MEDITERRANEAN CALIFORNIA
39749,0,7,0,1,0,151,442,39.13185905,1,MEDITERRANEAN CALIFORNIA
39761,0,6,0.2,0.8,0,140,601,0.696373501,1,MEDITERRANEAN CALIFORNIA
39786,0,2,0,1,0,134.5,347,4.821187779,0,MEDITERRANEAN CALIFORNIA
40008,0,2,0,0.5,0,4,1337.75,0,1,MARINE WEST COAST FOREST
40162,0,3,0,1,0,154.25,534.25,0.721826082,0,MEDITERRANEAN CALIFORNIA
40182,0,20,0.125,0.5,0,152.5,391.5,1.963424999,1,MEDITERRANEAN CALIFORNIA
40198,0,3,0,0.5,0.25,150,371,29.35293484,0,MEDITERRANEAN CALIFORNIA
40214,0,2,0,1,0,139.6666667,309.3333333,1.803292177,0,MEDITERRANEAN CALIFORNIA
40390,0,2,0.2,0.8,0,-33.5,291,0.083427381,0,NORTHWESTERN FORESTED MOUNTAINS
40581,0,2,0.5,0.5,0,104,1069.5,0.637468058,0,NORTHWESTERN FORESTED MOUNTAINS
40632,0,8,0,0.666666667,0.333333333,150.5,439,2.575243551,1,MEDITERRANEAN CALIFORNIA
40646,0,6,0,0.5,0.5,145,411,3.945739323,0,MEDITERRANEAN CALIFORNIA
40672,0,32,0,0.6,0.2,138.5,548,145.9322313,1,MEDITERRANEAN CALIFORNIA
40843,0,4,0,0.75,0,-40,291,0.140526418,0,NORTHWESTERN FORESTED MOUNTAINS
41038,0,2,0.25,0.75,0,60,1114.5,0.023892911,1,NORTHWESTERN FORESTED MOUNTAINS
41094,0,3,0,0.4,0.2,156,347,120.3295197,0,MEDITERRANEAN CALIFORNIA
41110,0,11,0,0.666666667,0.333333333,144.5,407.25,0.1065383,0,MEDITERRANEAN CALIFORNIA
41129,0,3,0,1,0,143,318,8.338852383,0,MEDITERRANEAN CALIFORNIA
41141,0,4,0,0.6,0.2,141.6666667,434,218.480516,1,MEDITERRANEAN CALIFORNIA
41310,0,6,0.285714286,0.571428571,0,-23,286,0.750941006,0,NORTHWESTERN FORESTED MOUNTAINS
41482,0,3,0.4,0.6,0,106,1043,27.41835158,0,NORTHWESTERN FORESTED MOUNTAINS
41547,0,2,0,0.25,0.25,162,491,2.641202211,0,MEDITERRANEAN CALIFORNIA
41577,0,12,0,1,0,155,342.5,0.171056156,1,MEDITERRANEAN CALIFORNIA
41601,0,19,0,0.6,0.2,146,394.25,220.0290274,1,MEDITERRANEAN CALIFORNIA
41620,0,2,0.166666667,0.833333333,0,142.5,448.5,1.10417687,0,MEDITERRANEAN CALIFORNIA
41779,0,9,0.25,0.5,0,-22,270.5,13.80332435,0,NORTHWESTERN FORESTED MOUNTAINS
41935,0,2,0.375,0.375,0,111,1906,88.86455639,1,MARINE WEST COAST FOREST
42029,1,248,0,0.4,0.2,158.3333333,465.6666667,525.5443946,1,MEDITERRANEAN CALIFORNIA
42078,0,3,0,0.666666667,0.333333333,148,371.6666667,41.11201273,0,MEDITERRANEAN CALIFORNIA
42251,0,12,0.428571429,0.428571429,0,-18,267,0.894251049,0,NORTHWESTERN FORESTED MOUNTAINS
42419,0,4,0.75,0,0,106,2083,11.73174496,1,MARINE WEST COAST FOREST
42521,0,2,0,0.333333333,0.166666667,156,411.5,18.71941735,1,MEDITERRANEAN CALIFORNIA
42548,0,4,0,1,0,141,401,0.049559386,0,MEDITERRANEAN CALIFORNIA
42692,0,2,0.75,0.25,0,-49,329.5,0.00049449,0,NORTHWESTERN FORESTED MOUNTAINS
42908,0,5,0.75,0,0,103.5,2211.5,29.27884846,1,MARINE WEST COAST FOREST
42973,1,14,0,0.75,0,165,1220,721.6917496,1,MEDITERRANEAN CALIFORNIA
43011,0,3,0,0.4,0.2,157.5,434,410.2129988,1,MEDITERRANEAN CALIFORNIA
43033,0,10,0,0.333333333,0.166666667,162.5,258.5,16.40717738,0,MEDITERRANEAN CALIFORNIA
43078,0,8,0,0.75,0.25,150,471.5,2.611014316,1,MEDITERRANEAN CALIFORNIA
43417,0,2,0.5,0,0,106.5,2068,64.38286209,1,MARINE WEST COAST FOREST
43484,0,4,0,0.75,0,166.5,1163,325.2577529,0,MEDITERRANEAN CALIFORNIA
43521,0,3,0,0.333333333,0.333333333,158.75,445.5,2139.946842,1,MEDITERRANEAN CALIFORNIA
43545,0,5,0,0.4,0.2,165,236,13.81162629,0,MEDITERRANEAN CALIFORNIA
43591,0,3,0,0.5,0,145.5,449.5,0.025149014,1,MEDITERRANEAN CALIFORNIA
43928,0,4,0.5,0.166666667,0,105.5,2067,29.66156977,0,MARINE WEST COAST FOREST
43969,2,2,0.333333333,0.666666667,0,99,633,8.398870745,0,NORTHWESTERN FORESTED MOUNTAINS
44032,0,62,0,0.333333333,0.333333333,161,458,2071.086528,1,MEDITERRANEAN CALIFORNIA
44059,0,6,0,0.5,0.166666667,163.25,226.5,280.7302741,0,MEDITERRANEAN CALIFORNIA
44087,0,2,0,1,0,142,492,0.138591078,1,MEDITERRANEAN CALIFORNIA
44361,0,2,0.5,0.5,0,36.5,1793,0,1,MARINE WEST COAST FOREST
44487,0,6,0.3,0.3,0.1,113.5,622.5,63.15341806,1,NORTHWESTERN FORESTED MOUNTAINS
44561,0,4,0,0.25,0.25,158.25,440.5,76.44253731,0,MEDITERRANEAN CALIFORNIA
44580,0,2,0,0.25,0.25,166,229,100.4123388,0,MEDITERRANEAN CALIFORNIA
44945,0,2,0.666666667,0,0,78.25,1984.25,0.003824018,0,MARINE WEST COAST FOREST
45012,0,4,0,0.571428571,0.142857143,112,650.5,56.61121453,0,NORTHWESTERN FORESTED MOUNTAINS
45033,0,4,0.25,0.25,0,75.5,986.5,10.02946864,0,NORTHWESTERN FORESTED MOUNTAINS
45078,0,8,0,0.5,0,162.25,505.5,2214.325541,1,MEDITERRANEAN CALIFORNIA
45105,0,6,0,0,1,165.5,236,5.259618521,0,MEDITERRANEAN CALIFORNIA
45151,0,34,0,0.75,0,151,508,1559.564392,1,MEDITERRANEAN CALIFORNIA
45530,0,2,0.428571429,0.428571429,0.142857143,115,1183,27.91908005,0,NORTHWESTERN FORESTED MOUNTAINS
45555,0,3,0,0.75,0,87,605.5,1.149072771,0,NORTHWESTERN FORESTED MOUNTAINS
45604,0,2,0,0.5,0.166666667,163,661,7.494085932,0,MEDITERRANEAN CALIFORNIA
45637,0,4,0,0.666666667,0.333333333,164.5,271,6.961731874,0,MEDITERRANEAN CALIFORNIA
45675,0,2,0,1,0,141,529,0.273370429,0,MEDITERRANEAN CALIFORNIA
46027,2,2,0.5,0.25,0,73,2524,0,0,MARINE WEST COAST FOREST
46104,0,11,0.2,0.6,0,63.5,979.5,1.557850701,0,NORTHWESTERN FORESTED MOUNTAINS
46151,0,18,0,0.75,0,160.75,590,649.9126038,1,MEDITERRANEAN CALIFORNIA
46210,0,29,0,0.5,0,143.5,483.5,0.000489067,0,MEDITERRANEAN CALIFORNIA
46572,0,58,0.428571429,0.285714286,0,98,2426,6.675615311,1,MARINE WEST COAST FOREST
46664,0,2,0.5,0.5,0,118,1042,0.929064693,1,NORTHWESTERN FORESTED MOUNTAINS
46698,0,2,0,0.666666667,0.333333333,158.75,478.5,0.759608324,0,MEDITERRANEAN CALIFORNIA
46746,0,7,0,1,0,142.3333333,497,0,0,MEDITERRANEAN CALIFORNIA
47109,0,66,0.5,0.5,0,94,2494,8.516419819,1,MARINE WEST COAST FOREST
47163,0,3,0.2,0.6,0,68.5,732,0.863195385,1,NORTHWESTERN FORESTED MOUNTAINS
47212,0,3,0.166666667,0.666666667,0,141,1190.5,20.09897668,0,NORTHWESTERN FORESTED MOUNTAINS
47225,0,10,0,1,0,156.5,672,100.489393,0,MEDITERRANEAN CALIFORNIA
47286,0,7,0,1,0,142.5,500,0,0,MEDITERRANEAN CALIFORNIA
47648,6,19,0.5,0,0,88.5,3036,6.219835322,1,MARINE WEST COAST FOREST
47670,1,20,0.4,0.3,0.1,108,1263,3.548489332,0,MARINE WEST COAST FOREST
47743,0,2,0.25,0.75,0,73,1114,0,1,NORTHWESTERN FORESTED MOUNTAINS
47766,0,2,0.25,0.75,0,150,962.5,115.5671109,1,MEDITERRANEAN CALIFORNIA
47832,0,6,0,1,0,145,476,0,0,MEDITERRANEAN CALIFORNIA
48199,8,11,0.5,0,0,88,2994,32.41039577,1,MARINE WEST COAST FOREST
48218,0,18,0.4,0.6,0,90.5,2328,0.035864747,0,MARINE WEST COAST FOREST
48248,0,5,0.333333333,0.666666667,0,84,1348,0,1,NORTHWESTERN FORESTED MOUNTAINS
48304,2,3,0.25,0.75,0,81.5,1084.25,0.093957193,1,NORTHWESTERN FORESTED MOUNTAINS
48332,0,10,0.2,0.6,0,150.5,775.5,64.11375946,0,MEDITERRANEAN CALIFORNIA
48396,0,2,0.166666667,0.833333333,0,114.5,634,0.073151175,1,MEDITERRANEAN CALIFORNIA
48760,0,3,0.5,0,0,87.5,2985.5,28.68949368,0,MARINE WEST COAST FOREST
48795,0,25,0.285714286,0.428571429,0,111,1301,983.2524974,1,MARINE WEST COAST FOREST
48861,0,2,0.25,0.75,0,73,1031,0.305648174,1,NORTHWESTERN FORESTED MOUNTAINS
48903,0,2,0,0.625,0,152.5,640,2.23088324,0,MEDITERRANEAN CALIFORNIA
48961,0,34,0,0.714285714,0.142857143,152,526,158.5670754,1,MEDITERRANEAN CALIFORNIA
49326,0,9,0.5,0.333333333,0,104,2002,37.77183453,1,MARINE WEST COAST FOREST
49362,0,4,0.285714286,0.428571429,0.142857143,106,1368.5,391.8663199,1,MARINE WEST COAST FOREST
49424,2,10,0.333333333,0.666666667,0,57,1043,0.019969909,1,NORTHWESTERN FORESTED MOUNTAINS
49467,0,3,0.166666667,0.666666667,0,145,815,122.1668468,1,MEDITERRANEAN CALIFORNIA
49526,0,5,0,1,0,127.6666667,565,13.82715524,1,MEDITERRANEAN CALIFORNIA
49789,0,2,0.75,0.25,0,48.5,1311,0.535511348,1,MARINE WEST COAST FOREST
49913,0,2,0.142857143,0.428571429,0.142857143,110,1232,125.8216268,1,MARINE WEST COAST FOREST
49966,0,6,0,0.75,0.25,74,364,1.064549267,0,NORTHWESTERN FORESTED MOUNTAINS
50021,1,22,0.5,0.5,0,137,1193,81.55822736,1,NORTHWESTERN FORESTED MOUNTAINS
50087,0,2,0.166666667,0.833333333,0,118.5,563,4.263136259,1,MEDITERRANEAN CALIFORNIA
50329,0,2,0.333333333,0.333333333,0,2.5,1022.5,0.001050924,1,MARINE WEST COAST FOREST
50489,0,2,0.285714286,0.428571429,0.142857143,110.25,1179,10.71163633,0,MARINE WEST COAST FOREST
50570,0,5,0.166666667,0.5,0,68.25,913,19.74835872,1,NORTHWESTERN FORESTED MOUNTAINS
50601,0,2,0.333333333,0.666666667,0,124.75,1240,9.145203614,1,NORTHWESTERN FORESTED MOUNTAINS
50655,0,7,0,0.666666667,0.333333333,176,155,15.25368986,0,MEDITERRANEAN CALIFORNIA
50677,0,15,0,1,0,154,485,19.54496606,1,MEDITERRANEAN CALIFORNIA
51085,0,2,0.25,0.375,0.125,108.6666667,1218.333333,272.369082,1,MARINE WEST COAST FOREST
51125,0,73,0.142857143,0.428571429,0,39.5,1392.5,0.192801909,1,NORTHWESTERN FORESTED MOUNTAINS
51187,0,2,0.25,0.75,0,90.75,1540.5,1.278308854,0,NORTHWESTERN FORESTED MOUNTAINS
51231,0,7,0,0,0,169,282,2140.401611,1,MEDITERRANEAN CALIFORNIA
51272,0,6,0,0.571428571,0.142857143,156.5,454,133.5568721,0,MEDITERRANEAN CALIFORNIA
51636,0,3,0.6,0,0,90.5,2427.5,0.83021098,1,MARINE WEST COAST FOREST
51693,0,10,0.142857143,0.428571429,0.142857143,111,1149.5,852.5615931,1,MARINE WEST COAST FOREST
51733,0,4,0.142857143,0.428571429,0,67,679.5,10.13622165,0,NORTHWESTERN FORESTED MOUNTAINS
51779,0,2,0.25,0.5,0,81.5,1027.5,21.00471348,1,NORTHWESTERN FORESTED MOUNTAINS
51822,0,18,0,1,0,148,719,23.43037868,0,MEDITERRANEAN CALIFORNIA
51874,0,3,0,0.666666667,0.166666667,156.5,468,66.8724564,1,MEDITERRANEAN CALIFORNIA
52086,0,2,0.666666667,0.166666667,0,-10,536.5,0.003202952,0,NORTHWESTERN FORESTED MOUNTAINS
52325,0,4,0.333333333,0.666666667,0,49,1297.5,0.139048452,1,NORTHWESTERN FORESTED MOUNTAINS
52348,0,2,0,0.333333333,0.333333333,80,322,10.72959546,0,NORTHWESTERN FORESTED MOUNTAINS
52388,0,3,0,1,0,72.75,1178.75,0.500770642,1,NORTHWESTERN FORESTED MOUNTAINS
52416,0,2,0.333333333,0.666666667,0,98,1166,0.425305307,1,NORTHWESTERN FORESTED MOUNTAINS
52477,0,2,0,1,0,146.5,466.25,0.215833354,1,MEDITERRANEAN CALIFORNIA
52488,0,8,0,1,0,160.5,292,0.432028151,0,MEDITERRANEAN CALIFORNIA
52849,0,2,1,0,0,89.5,2961.5,0.608864549,1,MARINE WEST COAST FOREST
52905,0,2,0.5,0.375,0.125,99,1679.333333,8.01919147,1,MARINE WEST COAST FOREST
52992,1,6,0.333333333,0.666666667,0,62,1190,0.825331616,0,NORTHWESTERN FORESTED MOUNTAINS
53030,0,2,0.2,0.8,0,133,859,14.32563305,1,MEDITERRANEAN CALIFORNIA
53076,0,2,0,0.75,0,127,424,0.218719416,1,MEDITERRANEAN CALIFORNIA
53089,0,103,0.166666667,0.666666667,0,160.5,292,4.732010735,0,MEDITERRANEAN CALIFORNIA
53442,0,2,1,0,0,76,2309.5,0.004679216,1,MARINE WEST COAST FOREST
53495,0,2,0.285714286,0.428571429,0.142857143,108,1145.5,46.10645167,0,MARINE WEST COAST FOREST
53598,1,2,0.25,0.75,0,58.33333333,1134,0.000528219,0,NORTHWESTERN FORESTED MOUNTAINS
53626,0,18,0,1,0,97.75,976.75,0.410085886,1,NORTHWESTERN FORESTED MOUNTAINS
53681,0,2,0,0.555555556,0,144.5,395.5,0.095810862,1,MEDITERRANEAN CALIFORNIA
53692,0,6,0,0,0,176.5,366.5,4954.846436,1,MEDITERRANEAN CALIFORNIA
54036,4,7,0.222222222,0.333333333,0,82,1910.5,329.430158,1,MARINE WEST COAST FOREST
54098,1,3,0.25,0.375,0.125,111.5,1072.5,632.5044184,1,MARINE WEST COAST FOREST
54195,0,5,0.2,0.6,0,69.5,757,26.28186452,1,NORTHWESTERN FORESTED MOUNTAINS
54207,1,6,0.2,0.6,0,54,1096,6.965777143,0,NORTHWESTERN FORESTED MOUNTAINS
54221,0,2,0.2,0.6,0,56.5,988,0.009565265,1,NORTHWESTERN FORESTED MOUNTAINS
54238,0,9,0.25,0.5,0,117,894.5,28.58021961,1,NORTHWESTERN FORESTED MOUNTAINS
54286,0,11,0,0.571428571,0,157.5,420.5,306.2356675,1,MEDITERRANEAN CALIFORNIA
54296,0,9,0,0,0,178,334,1538.965973,1,MEDITERRANEAN CALIFORNIA
54650,0,2,1,0,0,79.5,2176,1.790161924,1,MARINE WEST COAST FOREST
54702,0,3,0.25,0.375,0.125,113.5,1074.5,429.2376531,1,MARINE WEST COAST FOREST
54796,0,3,0.142857143,0.428571429,0,63,712.5,0.396758604,1,NORTHWESTERN FORESTED MOUNTAINS
54809,5,12,0.166666667,0.5,0,57.75,908,48.92855326,1,NORTHWESTERN FORESTED MOUNTAINS
54820,0,4,0.25,0.75,0,49,998,0,1,NORTHWESTERN FORESTED MOUNTAINS
54837,0,6,0.25,0.75,0,63,924,0.175777991,1,NORTHWESTERN FORESTED MOUNTAINS
54883,0,7,0,1,0,136.5,352.75,1.041065417,0,MEDITERRANEAN CALIFORNIA
54897,0,482,0,0.75,0,176.5,366.5,4016.99962,1,MEDITERRANEAN CALIFORNIA
55251,1,2,1,0,0,73.5,2568.75,0.156674728,1,MARINE WEST COAST FOREST
55298,0,18,0.222222222,0.333333333,0.111111111,114.25,1161.25,551.1864514,1,MARINE WEST COAST FOREST
55396,0,2,0,0.6,0.2,70.25,690.25,10.69102069,0,NORTH AMERICAN DESERTS
55408,2,2,0,0,0,58.33333333,818,191.9501327,0,NORTHWESTERN FORESTED MOUNTAINS
55428,1,7,0,1,0,54.5,829.5,0.544210284,1,NORTHWESTERN FORESTED MOUNTAINS
55477,0,2,0.333333333,0.666666667,0,127,360,1.97E-05,0,MEDITERRANEAN CALIFORNIA
55493,0,488,0,0,0,178.5,369,5786.107869,1,MEDITERRANEAN CALIFORNIA
55847,1,16,1,0,0,57,2626.5,0,1,MARINE WEST COAST FOREST
55886,0,14,0.3,0.3,0.1,113,1085,62.22241129,1,MARINE WEST COAST FOREST
55994,0,2,0.142857143,0.428571429,0,58.75,712.25,0.909941907,0,NORTHWESTERN FORESTED MOUNTAINS
56007,0,5,0.25,0.75,0,61,751.5,2.229176243,1,NORTHWESTERN FORESTED MOUNTAINS
56025,0,3,0,1,0,47,840,0,1,NORTHWESTERN FORESTED MOUNTAINS
56070,0,2,0.333333333,0.666666667,0,121,378,7.911217115,0,MEDITERRANEAN CALIFORNIA
56086,0,608,0,0.666666667,0,181,402,5327.481832,1,MEDITERRANEAN CALIFORNIA
56425,0,2,0.333333333,0.666666667,0,65.5,1830.5,0.00288906,1,MARINE WEST COAST FOREST
56478,0,8,0.272727273,0.272727273,0.090909091,108,1426,201.3248869,1,MARINE WEST COAST FOREST
56505,0,4,0.5,0.5,0,60.33333333,1764.666667,0.045616719,1,NORTHWESTERN FORESTED MOUNTAINS
56596,0,4,0.142857143,0.428571429,0,64,627,17.66762599,1,NORTHWESTERN FORESTED MOUNTAINS
56615,0,2,0,1,0,38,767.5,0.007038155,1,NORTHWESTERN FORESTED MOUNTAINS
56640,0,4,0,1,0,157.25,576.25,0.74827115,0,MEDITERRANEAN CALIFORNIA
56671,0,2,0,0.75,0,151.5,332,25.78651071,1,NORTH AMERICAN DESERTS
56684,0,11,0,0,0,179.5,340.5,4078.956682,1,MEDITERRANEAN CALIFORNIA
57039,0,3,1,0,0,62.75,2145.25,0,1,MARINE WEST COAST FOREST
57081,0,10,0.25,0.375,0,114.5,1247.5,1653.683875,1,MARINE WEST COAST FOREST
57189,0,12,0,1,0,54,628,0.463335692,1,NORTHWESTERN FORESTED MOUNTAINS
57213,0,3,0.2,0.6,0,28,729,0.003293415,1,NORTHWESTERN FORESTED MOUNTAINS
57238,1,4,0,1,0,149,636.5,11.85960451,1,MEDITERRANEAN CALIFORNIA
57272,0,2,0,0.8,0,144,367.5,42.21717072,0,MEDITERRANEAN CALIFORNIA
57283,0,17,0,0,0,176,327.25,3222.4631,1,MEDITERRANEAN CALIFORNIA
57629,2,8,0.5,0.333333333,0,71.75,1768,40.24089397,1,MARINE WEST COAST FOREST
57645,0,5,0.333333333,0.333333333,0,43,2610.5,0,1,NORTHWESTERN FORESTED MOUNTAINS
57677,0,4,0.6,0.4,0,101,1835,66.04494561,0,MARINE WEST COAST FOREST
57709,0,5,0.166666667,0.5,0,23,1496,0.002433712,1,NORTHWESTERN FORESTED MOUNTAINS
57789,0,2,0.25,0.75,0,53,608,73.24299519,1,NORTHWESTERN FORESTED MOUNTAINS
57815,0,6,0.166666667,0.666666667,0,19,726,0.001943404,1,NORTHWESTERN FORESTED MOUNTAINS
57839,3,27,0.2,0.8,0,121.25,662.25,4.534061746,1,MEDITERRANEAN CALIFORNIA
57857,0,8,0,1,0,118.5,438,3.885499164,1,MEDITERRANEAN CALIFORNIA
57880,0,51,0,0,0,181,428,2950.704773,1,MEDITERRANEAN CALIFORNIA
58083,0,5,0.375,0.5,0,-29.5,500,0.001393401,1,NORTHWESTERN FORESTED MOUNTAINS
58244,1,3,0.5,0.5,0,77.5,1511,13.9248997,1,MARINE WEST COAST FOREST
58263,0,12,0.428571429,0.285714286,0,101.25,1425.5,105.3027548,1,MARINE WEST COAST FOREST
58306,0,8,0.2,0.6,0,51,1647,0,1,NORTHWESTERN FORESTED MOUNTAINS
58361,0,2,0,0.5,0.5,77,371,0.431106738,0,NORTHWESTERN FORESTED MOUNTAINS
58400,0,2,0,1,0,87,299.5,34.47674637,0,NORTH AMERICAN DESERTS
58421,1,7,0,0.666666667,0,7.5,753.5,0.017500724,1,NORTHWESTERN FORESTED MOUNTAINS
58447,1,2,0.25,0.75,0,80.75,684.5,0.142265083,1,NORTHWESTERN FORESTED MOUNTAINS
58461,0,6,0.2,0.8,0,120.5,430,0.754206953,1,MEDITERRANEAN CALIFORNIA
58484,85,339,0,0.8,0,160.75,524.25,1484.800985,1,MEDITERRANEAN CALIFORNIA
58494,0,12,0,0.75,0,167,310.5,441.2194621,1,MEDITERRANEAN CALIFORNIA
58846,0,21,0.5,0.166666667,0,89.5,1092.5,55.46552968,0,MARINE WEST COAST FOREST
58867,0,12,0.285714286,0.428571429,0,102,1271,68.63094221,1,MARINE WEST COAST FOREST
58920,0,2,0.333333333,0.666666667,0,59.75,561.5,33.47820079,1,NORTHWESTERN FORESTED MOUNTAINS
59015,0,2,0,1,0,42.25,515.25,0.087440083,0,NORTH AMERICAN DESERTS
59038,0,2,0,1,0,46.25,672.5,0,1,NORTHWESTERN FORESTED MOUNTAINS
59056,0,3,0,1,0,94.5,603.5,0.058204438,1,NORTHWESTERN FORESTED MOUNTAINS
59084,1,53,0,1,0,131.5,586,0.125525879,1,MEDITERRANEAN CALIFORNIA
59094,0,20,0,0.5,0,172.5,325,2362.06222,1,MEDITERRANEAN CALIFORNIA
59437,1,3,0.333333333,0.333333333,0,85.25,1327.75,108.7625117,1,MARINE WEST COAST FOREST
59467,0,39,0.333333333,0.166666667,0,104,1230.5,636.2812924,1,MARINE WEST COAST FOREST
59520,0,2,0.333333333,0.666666667,0,54.25,705,0.995651298,1,NORTHWESTERN FORESTED MOUNTAINS
59600,0,4,0,0.666666667,0,89,253,15.31898286,0,NORTH AMERICAN DESERTS
59629,1,5,0.2,0.6,0,41.66666667,515.6666667,0.937525657,1,NORTHWESTERN FORESTED MOUNTAINS
59650,2,41,0.2,0.6,0,32,742,0,1,NORTHWESTERN FORESTED MOUNTAINS
59683,0,2,0,0.5,0,143,348,274.4004273,1,NORTH AMERICAN DESERTS
59694,0,41,0,0.666666667,0,175,393,1177.429097,1,MEDITERRANEAN CALIFORNIA
59947,0,6,0.444444444,0.333333333,0,24.5,518.5,15.79818449,1,NORTHWESTERN FORESTED MOUNTAINS
60047,0,19,0.428571429,0.142857143,0,89,1094.5,77.48017295,1,MARINE WEST COAST FOREST
60090,0,4,0.428571429,0.285714286,0,88,2302,9.055486426,1,NORTHWESTERN FORESTED MOUNTAINS
60118,0,10,0.142857143,0.571428571,0,66.5,455.5,144.3783206,1,NORTHWESTERN FORESTED MOUNTAINS
60199,0,2,0,0.6,0,91.66666667,227,91.86513553,0,NORTH AMERICAN DESERTS
60228,1,9,0,0.666666667,0,29,555,83.58715603,0,NORTHWESTERN FORESTED MOUNTAINS
60260,0,2,0,1,0,126.5,412,0.638060685,1,MEDITERRANEAN CALIFORNIA
60286,1,5,0.142857143,0.714285714,0,136,655.5,1.880058374,1,MEDITERRANEAN CALIFORNIA
60296,0,43,0,0.75,0,165,343,1230.804179,1,MEDITERRANEAN CALIFORNIA
60632,0,4,0.75,0,0,89.25,1303,12.42937975,1,MARINE WEST COAST FOREST
60646,0,374,0.2,0.2,0,97.5,752.5,3511.905009,1,MARINE WEST COAST FOREST
60688,0,5,0.428571429,0.428571429,0,84.5,2329.5,11.67037303,1,NORTHWESTERN FORESTED MOUNTAINS
60761,0,3,0.2,0.6,0,51,475,0.102545721,0,NORTHWESTERN FORESTED MOUNTAINS
60827,0,31,0,0.5,0,40.5,483,0.670627671,0,NORTH AMERICAN DESERTS
60841,11,29,0.25,0.75,0,52,604,0,1,NORTHWESTERN FORESTED MOUNTAINS
60882,0,10,0.142857143,0.571428571,0,113,617,1.330740733,1,MEDITERRANEAN CALIFORNIA
60895,0,14,0,0.8,0,159.5,436.5,238.6084745,1,MEDITERRANEAN CALIFORNIA
61242,0,3,0.5,0.166666667,0,92.33333333,1101.333333,46.51744719,1,MARINE WEST COAST FOREST
61263,0,4,0.333333333,0.333333333,0,103,1109,217.6490444,0,MARINE WEST COAST FOREST
61313,0,3,0,0.666666667,0.333333333,79.33333333,288.6666667,40.02647311,0,NORTHWESTERN FORESTED MOUNTAINS
61360,0,2,0,0.75,0.25,73.5,396.25,4.091302812,0,NORTHWESTERN FORESTED MOUNTAINS
61439,1,7,0,0.75,0,21.5,615,0,1,NORTHWESTERN FORESTED MOUNTAINS
61469,0,14,0,0.333333333,0,170,113,116.9183733,0,NORTH AMERICAN DESERTS
61489,0,13,0,0.6,0.2,178,300,1159.880959,1,MEDITERRANEAN CALIFORNIA
61504,0,28,0,0.25,0,168,310,1474.851237,1,MEDITERRANEAN CALIFORNIA
61850,2,3,0.6,0,0,76,1322,21.81971139,1,MARINE WEST COAST FOREST
61866,0,2,0.285714286,0.285714286,0,105.25,1200.75,314.5398121,1,MARINE WEST COAST FOREST
61920,0,3,0,0.6,0.2,82,250,218.0061351,1,NORTHWESTERN FORESTED MOUNTAINS
62041,0,8,0,0.666666667,0,31,506,0.492610893,1,NORTHWESTERN FORESTED MOUNTAINS
62062,0,4,0,1,0,76.25,520.75,0.216848037,1,NORTHWESTERN FORESTED MOUNTAINS
62096,0,25,0,0.6,0.2,178.5,343,1245.638458,1,MEDITERRANEAN CALIFORNIA
62110,0,59,0,0.75,0,169,308,1337.797119,1,MEDITERRANEAN CALIFORNIA
62120,0,2,0,0.5,0,167.5,239.5,4122.682434,0,MEDITERRANEAN CALIFORNIA
62470,0,6,0.25,0.375,0,104.5,1223,671.3766915,1,MARINE WEST COAST FOREST
62506,0,4,0.2,0.6,0,49.5,1957.5,0.087875487,1,NORTHWESTERN FORESTED MOUNTAINS
62568,0,2,0.142857143,0.428571429,0.142857143,69.5,419.25,1.368218223,0,NORTH AMERICAN DESERTS
62659,0,20,0,0.5,0,28,639,0.010062768,1,NORTHWESTERN FORESTED MOUNTAINS
62702,0,3,0,0.75,0,178.6666667,357.3333333,1139.67305,1,MEDITERRANEAN CALIFORNIA
62715,0,4,0,0.6,0.2,170,306,624.7846974,1,MEDITERRANEAN CALIFORNIA
62725,0,92,0,0.5,0,171.5,258.5,2817.677979,1,MEDITERRANEAN CALIFORNIA
63075,0,12,0.333333333,0.333333333,0,94.5,839.25,90.74340449,1,MARINE WEST COAST FOREST
63105,0,2,1,0,0,61.5,2273.5,0,1,NORTHWESTERN FORESTED MOUNTAINS
63138,0,4,0,1,0,80,242,6.644150661,0,NORTHWESTERN FORESTED MOUNTAINS
63270,0,14,0,0.75,0,69.5,477.5,0.007795122,1,NORTHWESTERN FORESTED MOUNTAINS
63310,0,6,0,0.666666667,0,180,362,1990.579973,1,MEDITERRANEAN CALIFORNIA
63324,0,2,0,0.6,0.2,169,351.6666667,117.3710372,0,MEDITERRANEAN CALIFORNIA
63334,0,59,0,0.666666667,0,173,305,1351.716853,1,MEDITERRANEAN CALIFORNIA
63681,0,93,0.428571429,0.142857143,0,99,611,408.4585075,1,MARINE WEST COAST FOREST
63720,0,4,0.4,0.6,0,74,1340,19.5361544,1,NORTHWESTERN FORESTED MOUNTAINS
63851,0,2,0,0.666666667,0,71,241,0.034450821,0,NORTH AMERICAN DESERTS
63894,0,2,0,0.5,0,169,128,0.049981624,0,NORTH AMERICAN DESERTS
63922,0,2,0,0.5,0.25,170,344,531.2350527,1,MEDITERRANEAN CALIFORNIA
63935,0,24,0,0.8,0,170.5,371.5,411.8184972,1,MEDITERRANEAN CALIFORNIA
63953,0,9,0,0.6,0,161,308.5,226.8202851,0,MEDITERRANEAN CALIFORNIA
64301,0,5,0.5,0.166666667,0,103,834,118.0497253,1,MARINE WEST COAST FOREST
64320,0,2,0.666666667,0.333333333,0,64.5,2277.5,4.342850671,1,NORTHWESTERN FORESTED MOUNTAINS
64495,0,3,0,0.5,0,135,227,16.50347857,0,NORTH AMERICAN DESERTS
64539,0,10,0,0.75,0,174,342.5,788.4516754,1,MEDITERRANEAN CALIFORNIA
64553,0,10,0,1,0,161,444,77.89371518,0,MEDITERRANEAN CALIFORNIA
64563,0,3,0,1,0,167,306.5,24.68468819,0,MEDITERRANEAN CALIFORNIA
64915,0,28,0.25,0.25,0,99,1251,5369.216783,0,MARINE WEST COAST FOREST
64930,0,143,0.285714286,0.285714286,0,107.25,978.75,2599.257351,1,MARINE WEST COAST FOREST
64946,0,3,0.5,0.5,0,56,2433,4.532950025,1,NORTHWESTERN FORESTED MOUNTAINS
65137,0,2,0,0.5,0,177.75,100.5,148.3897851,1,NORTH AMERICAN DESERTS
65167,0,21,0,0.6,0.2,171,363.5,223.6513385,1,MEDITERRANEAN CALIFORNIA
65187,0,50,0,1,0,160,435,22.95194944,0,MEDITERRANEAN CALIFORNIA
65461,1,3,0.25,0.375,0,19,475,32.54798677,1,NORTHWESTERN FORESTED MOUNTAINS
65556,0,3,0.5,0.166666667,0,100.5,742,124.5746441,1,MARINE WEST COAST FOREST
65566,0,22,0.285714286,0.142857143,0,105.25,1151.5,1439.252797,1,MARINE WEST COAST FOREST
65581,0,2,1,0,0,70.5,2092.5,0.090169657,1,NORTHWESTERN FORESTED MOUNTAINS
65732,0,3,0,0.75,0,64.5,235,0.031030338,1,NORTH AMERICAN DESERTS
65792,0,4,0,1,0,133,534.75,25.1620377,1,MEDITERRANEAN CALIFORNIA
65812,0,2,0,1,0,153.25,499.75,0.666617248,1,MEDITERRANEAN CALIFORNIA
65824,0,2,0,1,0,164.5,311,45.30525104,0,MEDITERRANEAN CALIFORNIA
66171,7,14,0.375,0.375,0,58.5,1316.5,124.5860189,1,MARINE WEST COAST FOREST
66188,0,3,0.272727273,0.272727273,0.090909091,100,736,86.74722036,0,MARINE WEST COAST FOREST
66200,0,32,0.285714286,0.285714286,0,101,1301,284.8275235,1,MARINE WEST COAST FOREST
66219,0,2,0.5,0.5,0,42,2118,0,1,NORTHWESTERN FORESTED MOUNTAINS
66385,0,3,0,0.666666667,0,135.75,214.25,0,1,NORTH AMERICAN DESERTS
66447,0,3,0,1,0,156.5,487.5,24.11666717,1,MEDITERRANEAN CALIFORNIA
66488,0,7,0,0.25,0,190,167,30.87516824,1,MEDITERRANEAN CALIFORNIA
66819,0,7,0,0.4,0.2,95.66666667,1316.333333,2100.105791,0,MARINE WEST COAST FOREST
66839,0,40,0.333333333,0.5,0,103,1231.5,849.0250331,1,MARINE WEST COAST FOREST
66855,3,41,0.5,0.5,0,45.5,2324.5,0.360589892,1,NORTHWESTERN FORESTED MOUNTAINS
67073,1,28,0.2,0.6,0,127.5,588,66.83350406,1,MEDITERRANEAN CALIFORNIA
67093,0,11,0,1,0,144.5,546,12.32524404,1,MEDITERRANEAN CALIFORNIA
67422,0,2,0.333333333,0.666666667,0,7.25,415.75,0,1,NORTHWESTERN FORESTED MOUNTAINS
67469,0,3,0.285714286,0.428571429,0.142857143,95.5,1038.5,51.94361332,0,MARINE WEST COAST FOREST
67488,0,14,0.25,0.375,0.125,103,1167,330.2909287,1,MARINE WEST COAST FOREST
67505,0,21,0.2,0.4,0,20,2586,0.002898668,1,NORTHWESTERN FORESTED MOUNTAINS
67592,0,7,0,0.5,0,62.25,326,0,0,NORTH AMERICAN DESERTS
67729,0,2,0.166666667,0.666666667,0,152,463.75,4.259329504,1,MEDITERRANEAN CALIFORNIA
67747,0,10,0,1,0,136,498,10.32775213,1,MEDITERRANEAN CALIFORNIA
68114,2,12,0.142857143,0.428571429,0,31,1065.75,1.140007647,1,MARINE WEST COAST FOREST
68146,0,2,0.25,0.375,0.125,100.5,1117.5,328.5518789,0,MARINE WEST COAST FOREST
68163,0,3,0.666666667,0.333333333,0,60.25,2209.75,0.735358898,1,NORTHWESTERN FORESTED MOUNTAINS
68246,0,2,0,1,0,66,323.25,0.001858391,0,NORTH AMERICAN DESERTS
68391,0,3,0.166666667,0.666666667,0,138.5,512,23.13588525,1,MEDITERRANEAN CALIFORNIA
68406,0,4,0,1,0,142,510,2.143247778,1,MEDITERRANEAN CALIFORNIA
68455,0,3,0,0.666666667,0.333333333,188.5,151,0.538501484,0,MEDITERRANEAN CALIFORNIA
68796,2,15,0.222222222,0.333333333,0.111111111,92,1612,774.6158854,1,MARINE WEST COAST FOREST
68819,0,7,0.5,0.5,0,98,1485,215.3207893,0,MARINE WEST COAST FOREST
68858,0,5,0,0.166666667,0.166666667,105,301,1.077719867,1,NORTH AMERICAN DESERTS
69018,0,7,0,0.666666667,0,174,121,0.034581948,1,NORTH AMERICAN DESERTS
69057,2,3,0.166666667,0.833333333,0,126,527.5,0.093147223,1,MEDITERRANEAN CALIFORNIA
69071,0,7,0,1,0,152.25,445.75,2.381072741,1,MEDITERRANEAN CALIFORNIA
69123,0,2,0,1,0,188.5,151,0.538501493,0,MEDITERRANEAN CALIFORNIA
69485,0,2,0.428571429,0.428571429,0,89,1672,69.89826838,1,MARINE WEST COAST FOREST
69688,0,2,0,0,0,171,123.3333333,0.007593807,1,NORTH AMERICAN DESERTS
69733,0,43,0,1,0,140,467,0.625925688,1,MEDITERRANEAN CALIFORNIA
69745,0,12,0,0.75,0,166.5,358,0.237255193,1,NORTH AMERICAN DESERTS
70129,1,4,0.333333333,0.5,0,74,1613.666667,1.097392633,1,MARINE WEST COAST FOREST
70164,0,6,0.25,0.75,0,53.75,2191.75,0.000934589,1,NORTHWESTERN FORESTED MOUNTAINS
70394,0,13,0,0.333333333,0,197,216,86.82978797,0,NORTH AMERICAN DESERTS
70406,0,89,0,0.666666667,0,197,225,21.14652693,1,NORTH AMERICAN DESERTS
70416,0,12,0,0.75,0,151.5,278.5,9.803245989,1,MEDITERRANEAN CALIFORNIA
70799,0,2,0.2,0.3,0.1,89,1672,314.4303315,1,MARINE WEST COAST FOREST
70858,0,2,0,0.2,0.2,99.5,326,0.629124898,0,NORTH AMERICAN DESERTS
71064,0,56,0,0.4,0.2,213,145,323.3348027,1,NORTH AMERICAN DESERTS
71075,0,10,0,0.333333333,0,181,261,0,1,NORTH AMERICAN DESERTS
71093,0,6,0,1,0,125.3333333,381.6666667,0.219920091,1,MEDITERRANEAN CALIFORNIA
71505,0,3,1,0,0,41.5,1600.5,0.002626138,1,NORTHWESTERN FORESTED MOUNTAINS
71727,0,2,0,1,0,153,351.5,75.60991469,1,NORTH AMERICAN DESERTS
71737,0,3,0,0.75,0,184.3333333,238.6666667,0.006737488,0,NORTH AMERICAN DESERTS
71751,0,22,0,0.5,0,173,233.5,2.011236523,0,NORTH AMERICAN DESERTS
72111,0,2,0.166666667,0.5,0,4,522,0.074396818,1,NORTH AMERICAN DESERTS
72181,0,2,0.25,0.75,0,48,1134.5,3.294645796,1,NORTHWESTERN FORESTED MOUNTAINS
72397,0,2,0,0.666666667,0,146,355.5,10.36458761,0,NORTH AMERICAN DESERTS
72408,0,34,0,0.428571429,0.142857143,217,110.5,229.8906899,1,NORTH AMERICAN DESERTS
72421,0,2,0,0,0,199,203.5,0,1,NORTH AMERICAN DESERTS
72456,0,2,0,1,0,134,370,0.008966241,1,MEDITERRANEAN CALIFORNIA
72835,1,3,0.5,0.5,0,51.5,2056.5,0.167309739,1,NORTHWESTERN FORESTED MOUNTAINS
73034,0,7,0,0.666666667,0,177,116.5,0.071083338,1,NORTH AMERICAN DESERTS
73082,0,12,0,0.6,0.2,217,110.5,899.8363705,1,NORTH AMERICAN DESERTS
73122,0,2,0,1,0,139,341,1.164399749,0,NORTH AMERICAN DESERTS
73472,0,5,0.333333333,0.5,0,14.5,690,0.20847732,1,NORTH AMERICAN DESERTS
73518,1,2,0.75,0.25,0,42.5,1906.5,0.078215211,1,NORTHWESTERN FORESTED MOUNTAINS
73712,0,2,0,0.666666667,0,189.5,103.5,0.113463679,1,NORTH AMERICAN DESERTS
73761,0,2,0,0.333333333,0.166666667,226,70,156.3041617,0,NORTH AMERICAN DESERTS
74180,0,10,0.428571429,0.428571429,0,40.75,1596.25,0.001606038,1,NORTHWESTERN FORESTED MOUNTAINS
74372,0,3,0,0.666666667,0,103,154.5,1.780616944,0,NORTH AMERICAN DESERTS
74435,0,103,0,1,0,166.25,256.25,0.02987815,1,NORTH AMERICAN DESERTS
74859,1,2,0.4,0.6,0,49.5,1469,0.970852145,1,NORTHWESTERN FORESTED MOUNTAINS
74886,0,2,0.2,0.6,0,24,1671,0.002166622,1,NORTHWESTERN FORESTED MOUNTAINS
75035,0,2,0,1,0,60.5,222.5,0.021413182,1,NORTH AMERICAN DESERTS
75116,0,13,0,0.5,0,172,224,46.34763984,1,NORTH AMERICAN DESERTS
75550,0,3,0.428571429,0.428571429,0,30.5,1388,0.000167226,1,NORTHWESTERN FORESTED MOUNTAINS
75588,0,4,0,0.5,0.25,88,244,107.6951471,0,NORTH AMERICAN DESERTS
75657,0,2,0,1,0,63.66666667,305.6666667,0.019363564,0,NORTH AMERICAN DESERTS
75811,0,2,0,0.333333333,0,197.5,148,0,1,NORTH AMERICAN DESERTS
76244,0,3,0.4,0.6,0,50.66666667,1587.333333,0.301133357,1,NORTHWESTERN FORESTED MOUNTAINS
76318,0,2,0.2,0.6,0,64,374.5,0.035346168,1,NORTHWESTERN FORESTED MOUNTAINS
76477,0,2,0,0.666666667,0,210,76,0.057385323,0,NORTH AMERICAN DESERTS
76520,0,2,0,0.5,0.25,219.3333333,134.6666667,25.16843109,0,NORTH AMERICAN DESERTS
76951,1,10,0.166666667,0.5,0,58,867.5,35.11235297,1,NORTHWESTERN FORESTED MOUNTAINS
77028,0,5,0,1,0,76,262,0.016299866,1,NORTH AMERICAN DESERTS
77201,0,2,0,0.5,0.166666667,225.5,62,71.76315042,0,NORTH AMERICAN DESERTS
77613,0,4,0.333333333,0.333333333,0,56,1236,58.57000271,1,NORTHWESTERN FORESTED MOUNTAINS
77646,0,2,0.25,0.75,0,58,700,4.773753355,0,NORTHWESTERN FORESTED MOUNTAINS
77858,0,4,0,0.666666667,0,216,69,0.066849926,1,NORTH AMERICAN DESERTS
77904,0,2,0,0.5,0.25,218.5,89.75,5.656747244,0,NORTH AMERICAN DESERTS
78544,0,2,0,0,0,204.5,78,0,0,NORTH AMERICAN DESERTS
78619,0,2,0,0.5,0,196.6666667,80,0.329560703,0,NORTH AMERICAN DESERTS
79039,0,3,0,0.666666667,0,83.5,351.5,389.7457311,1,NORTH AMERICAN DESERTS
79249,0,2,0,0.5,0,208.75,81.5,0,1,NORTH AMERICAN DESERTS
79668,1,3,0.25,0.75,0,47,361,1.054667884,1,NORTHWESTERN FORESTED MOUNTAINS
79738,0,3,0,0.6,0,76,416.5,38.38710753,1,NORTH AMERICAN DESERTS
79929,0,11,0,0.666666667,0,180,108,0.103123364,1,NORTH AMERICAN DESERTS
80375,0,2,0.166666667,0.5,0,36,425.5,0.588218751,1,NORTH AMERICAN DESERTS
80442,0,4,0,0.2,0.2,97,199.75,1.809152379,1,NORTH AMERICAN DESERTS
80693,0,3,0,0.4,0.2,226,60,177.6433367,1,NORTH AMERICAN DESERTS
81104,0,2,0.25,0.75,0,11.5,819,0.001169009,1,NORTHWESTERN FORESTED MOUNTAINS
81374,0,3,0,0.5,0,224.25,63.75,0,0,NORTH AMERICAN DESERTS
81795,1,3,0.25,0.75,0,20,741,0.696364251,1,NORTHWESTERN FORESTED MOUNTAINS
82029,0,2,0,0.5,0,185,161.5,0.11611817,1,NORTH AMERICAN DESERTS
82496,0,2,0,0.333333333,0.166666667,73.5,352.5,26.65932173,1,NORTH AMERICAN DESERTS
82990,0,4,0.2,0.6,0,-35.5,487,0.001151602,0,NORTHWESTERN FORESTED MOUNTAINS
83207,0,3,0,0.5,0.25,114.5,204.5,247.2074203,1,NORTH AMERICAN DESERTS
83661,2,21,0.6,0.2,0,-21.5,472.5,0.055039207,1,NORTHWESTERN FORESTED MOUNTAINS
83848,0,6,0,1,0,53,467.6666667,13.49283857,1,NORTH AMERICAN DESERTS
84077,0,3,0,1,0,168.5,210,9.79E-05,1,NORTH AMERICAN DESERTS
84435,1,5,0.375,0.375,0,38,623,390.2703373,0,NORTHWESTERN FORESTED MOUNTAINS
84736,0,6,0,1,0,103,297,0.888369494,1,NORTH AMERICAN DESERTS
84794,0,2,0,0,0,222,77,0.11993102,0,NORTH AMERICAN DESERTS
85197,0,2,0.25,0.75,0,4.5,538.5,0.006262997,1,NORTHWESTERN FORESTED MOUNTAINS
85415,0,21,0,1,0,89,352.5,2.659694376,1,NORTH AMERICAN DESERTS
85709,0,4,0.2,0.6,0,-30,484.75,0.001280193,1,NORTHWESTERN FORESTED MOUNTAINS
85924,0,5,0,0.4,0.2,118,222.5,81.07746538,1,NORTH AMERICAN DESERTS
86101,0,2,0,1,0,145,199,1.350391879,0,NORTH AMERICAN DESERTS
86525,0,28,0.25,0.5,0,33,387.5,0.111610485,1,NORTH AMERICAN DESERTS
86776,0,2,0,1,0,145,202,0.083440244,1,NORTH AMERICAN DESERTS
87135,0,3,0.5,0.5,0,25,719.5,1.602871289,1,NORTHWESTERN FORESTED MOUNTAINS
87450,0,2,0,0.5,0,153,174,12.46137059,1,NORTH AMERICAN DESERTS
87532,0,8,0,0.5,0,193,139,0.164343745,1,NORTH AMERICAN DESERTS
87877,0,2,0,0.5,0,63,330.5,3.353417522,1,NORTH AMERICAN DESERTS
88180,0,5,0,0.75,0,226.5,91,7.448413244,0,NORTH AMERICAN DESERTS
88424,0,4,0.142857143,0.571428571,0,-37.5,486,0.001428024,1,NORTHWESTERN FORESTED MOUNTAINS
88820,0,2,0,1,0,153.5,222.5,0.020767383,0,NORTH AMERICAN DESERTS
89266,0,2,0.25,0.75,0,30.5,330.5,0.735405868,0,NORTHWESTERN FORESTED MOUNTAINS
89553,0,3,0,0.666666667,0,224,109,0.2363168,0,NORTH AMERICAN DESERTS
89928,1,19,0,0.6,0,58.25,340.75,565.7654409,0,NORTH AMERICAN DESERTS
90240,0,3,0,0.5,0,220,112,0,0,NORTH AMERICAN DESERTS
90638,0,3,0,0.75,0.25,71,305,12.46601134,1,NORTH AMERICAN DESERTS
90862,0,4,0,0.5,0,189.25,122.75,1039.246472,1,NORTH AMERICAN DESERTS
90969,0,4,0,1,0,210.5,101,1.452523395,1,NORTH AMERICAN DESERTS
91317,0,2,0.125,0.375,0,62,299.5,298.6559481,0,NORTH AMERICAN DESERTS
91389,0,4,0,0.333333333,0.333333333,83,445,2.549084594,0,NORTHWESTERN FORESTED MOUNTAINS
91567,0,3,0,0.5,0.166666667,225.5,110.5,75.97703934,1,NORTH AMERICAN DESERTS
91995,0,18,0.125,0.375,0,54.33333333,327.6666667,426.3739501,1,NORTH AMERICAN DESERTS
92226,0,67,0,0.5,0,198.5,115.5,144.9776297,1,NORTH AMERICAN DESERTS
92666,0,3,0,0.5,0,58,336.5,598.8899028,0,NORTH AMERICAN DESERTS
92880,0,2,0,0.666666667,0,126.5,216.75,8.733015535,0,NORTH AMERICAN DESERTS
92926,0,8,0,0.666666667,0,223,128,11.36437732,0,NORTH AMERICAN DESERTS
93350,0,3,0.25,0.75,0,47.5,347.5,127.8934595,1,NORTH AMERICAN DESERTS
93589,0,2,0,1,0,196.5,131,0.001067444,1,NORTH AMERICAN DESERTS
94021,0,2,0.166666667,0.333333333,0,56.5,378,54.16147106,0,NORTH AMERICAN DESERTS
94255,0,2,0,1,0,183.5,140.5,0,0,NORTH AMERICAN DESERTS
94318,0,3,0,0,0,229,110,0,0,NORTH AMERICAN DESERTS
94704,0,5,0.166666667,0.5,0.166666667,57.5,384.5,341.6481396,0,NORTH AMERICAN DESERTS
94999,0,2,0,0,0,229,113.5,0,0,NORTH AMERICAN DESERTS
95387,0,4,0.25,0.75,0,54.25,398,17.46058185,0,NORTH AMERICAN DESERTS
95618,0,5,0,1,0,188,143,0.119757451,1,NORTH AMERICAN DESERTS
96159,0,4,0.2,0.6,0,22.25,619,0.627822031,1,NORTHWESTERN FORESTED MOUNTAINS
96387,0,2,0,0.666666667,0,217.5,135,0.04817413,1,NORTH AMERICAN DESERTS
96859,0,2,0,0.5,0.166666667,41,521.5,24.87058315,0,NORTHWESTERN FORESTED MOUNTAINS
97011,0,20,0,0.666666667,0,195,134.25,11.46908132,1,NORTH AMERICAN DESERTS
97474,1,2,0.333333333,0.5,0.166666667,59,526,52.01096246,0,NORTH AMERICAN DESERTS
97562,0,8,0,0.428571429,0.142857143,31.25,575,16.14890649,1,NORTHWESTERN FORESTED MOUNTAINS
97735,0,16,0,0.6,0,167,184.5,222.9690517,1,NORTH AMERICAN DESERTS
98225,0,2,0,0.5,0.5,78.25,396.75,1.051179051,0,NORTH AMERICAN DESERTS
98436,0,4,0,0.666666667,0,159.5,177.5,237.2213434,1,NORTH AMERICAN DESERTS
99002,0,3,0,0.5,0.25,94,380,97.14509311,0,NORTH AMERICAN DESERTS
99151,0,4,0,1,0,143.5,246,4.913467084,1,NORTH AMERICAN DESERTS
99695,0,5,0,1,0,50.25,524.75,0.020309731,0,NORTHWESTERN FORESTED MOUNTAINS
99806,0,2,0,1,0,53.5,360.5,0.00952636,1,NORTH AMERICAN DESERTS
100357,0,5,0.25,0.25,0,60,525.5,1.298083411,1,NORTHWESTERN FORESTED MOUNTAINS
100606,0,2,0,1,0,187.5,247.5,0.124013303,0,NORTH AMERICAN DESERTS
101129,0,3,0,0.2,0.2,102,435,28.72063208,0,NORTH AMERICAN DESERTS
101276,0,6,0,0.5,0.25,106,271.5,8.541784113,1,NORTH AMERICAN DESERTS
101834,0,2,0,0.666666667,0,83,449.5,139.1286955,1,NORTH AMERICAN DESERTS
102011,0,3,0,1,0,130.5,259,0,0,NORTH AMERICAN DESERTS
102552,0,6,0.2,0.6,0,85.5,465,746.6384579,1,NORTHWESTERN FORESTED MOUNTAINS
102701,0,2,0,1,0,69,317.5,0.012445928,0,NORTH AMERICAN DESERTS
103277,0,7,0.166666667,0.5,0.166666667,86,483,586.010394,1,NORTHWESTERN FORESTED MOUNTAINS
103392,0,4,0,1,0,54,342,0.235541301,0,NORTH AMERICAN DESERTS
103601,0,2,0,0.5,0,228,128.5,0.22937152,0,NORTH AMERICAN DESERTS
104003,0,2,0,0.6,0.2,84.5,513,106.0155773,0,NORTHWESTERN FORESTED MOUNTAINS
104320,0,2,0,0.5,0,231.75,145,0.01754516,0,NORTH AMERICAN DESERTS
104701,1,3,0.166666667,0.5,0,36.5,731,0.716809981,1,NORTHWESTERN FORESTED MOUNTAINS
104784,0,4,0.125,0.375,0,36,630.5,19.84936394,1,NORTHWESTERN FORESTED MOUNTAINS
105061,0,2,0,1,0,222,215.5,1.197778404,1,NORTH AMERICAN DESERTS
105500,0,58,0,0.428571429,0,39,686,59.89246019,1,NORTHWESTERN FORESTED MOUNTAINS
105771,0,10,0,0.5,0,238,150,0.411450299,1,NORTH AMERICAN DESERTS
106220,0,17,0,0.75,0,24.5,699,17.58217367,1,NORTHWESTERN FORESTED MOUNTAINS
106518,0,2,0,1,0,216,209,0.757910204,1,NORTH AMERICAN DESERTS
107041,0,3,0,0.5,0,86,275.5,0.908908264,0,NORTH AMERICAN DESERTS
107554,0,7,0.333333333,0.444444444,0,21,1019.5,4.558685789,1,NORTHWESTERN FORESTED MOUNTAINS
107818,0,2,0,1,0,114.5,340.5,0.105798913,0,NORTH AMERICAN DESERTS
108339,1,3,0.4,0.6,0,67,810,0.617105707,0,NORTHWESTERN FORESTED MOUNTAINS
108563,0,6,0,1,0,198,272,0,1,NORTH AMERICAN DESERTS
109213,0,2,0,0.6,0.2,143,300,69.94232821,1,NORTH AMERICAN DESERTS
109637,2,2,0.571428571,0.428571429,0,12,604,0.176716225,0,NORTHWESTERN FORESTED MOUNTAINS
109954,0,4,0,1,0,109.75,359,3.276940354,0,NORTH AMERICAN DESERTS
110420,0,2,0.25,0.75,0,22.5,828.5,0.995959464,1,NORTHWESTERN FORESTED MOUNTAINS
110693,0,7,0,0.5,0.166666667,213.5,172,417.6529952,1,NORTH AMERICAN DESERTS
111334,0,5,0,1,0,130.5,349,3.619216519,0,NORTH AMERICAN DESERTS
111780,0,2,0,0.6,0,-24,686,0.009044742,1,NORTHWESTERN FORESTED MOUNTAINS
112041,0,6,0,1,0,130.5,349,0.348222386,1,NORTH AMERICAN DESERTS
112199,0,12,0,0.428571429,0.142857143,230,240,1465.154275,1,NORTH AMERICAN DESERTS
112638,0,2,0,0.75,0,-2,549.25,0.030890818,1,NORTHWESTERN FORESTED MOUNTAINS
112752,0,51,0,1,0,95.5,412.5,0.080986638,1,NORTH AMERICAN DESERTS
112891,0,4,0,0.666666667,0.333333333,241.5,244.75,3.963825498,0,NORTH AMERICAN DESERTS
113214,0,51,0.2,0.6,0,-11,624.5,0.008755285,1,NORTHWESTERN FORESTED MOUNTAINS
113359,0,2,0,0.75,0,6.5,493,0.847919457,1,NORTHWESTERN FORESTED MOUNTAINS
113475,0,13,0,1,0,91.25,412.5,0.299008385,1,NORTH AMERICAN DESERTS
113538,0,12,0,0.666666667,0,213,235,2135.297831,1,NORTH AMERICAN DESERTS
113935,4,129,0.166666667,0.5,0,16,515,20.25276585,1,NORTHWESTERN FORESTED MOUNTAINS
114008,0,2,0.285714286,0.428571429,0.142857143,52.5,817.5,13.12969515,1,NORTHWESTERN FORESTED MOUNTAINS
114118,0,13,0,1,0,46.5,378.5,0,1,NORTH AMERICAN DESERTS
114216,0,2,0,1,0,130,295,0.005989087,1,NORTH AMERICAN DESERTS
114268,0,4,0,0.4,0.2,212,207,912.4232718,1,NORTH AMERICAN DESERTS
114658,5,44,0.2,0.6,0,1.5,551.5,10.12575921,1,NORTHWESTERN FORESTED MOUNTAINS
114805,0,2,0,1,0,6.5,481,0.029394124,1,NORTHWESTERN FORESTED MOUNTAINS
114925,0,5,0,1,0,98.66666667,389.3333333,0.125195699,0,NORTH AMERICAN DESERTS
114989,0,2,0,0,0,214,221,2172.820414,1,NORTH AMERICAN DESERTS
115064,0,2,0,1,0,241.3333333,294.6666667,0.00718514,0,NORTH AMERICAN DESERTS
115605,0,5,0,0.5,0,99.5,204.5,0.023843678,0,NORTH AMERICAN DESERTS
115708,0,2,0,0.75,0,199,356,255.0735092,0,NORTH AMERICAN DESERTS
115786,0,53,0,0.5,0.25,240.5,304,1817.468686,1,NORTH AMERICAN DESERTS
116110,0,4,0.166666667,0.5,0,-21.5,602,0.002657396,1,NORTHWESTERN FORESTED MOUNTAINS
116367,0,2,0,0.666666667,0,26,564,0,1,NORTHWESTERN FORESTED MOUNTAINS
116440,0,3,0,0.6,0.2,212,220,971.442131,1,NORTH AMERICAN DESERTS
116840,0,4,0.166666667,0.5,0,-21,601.5,0.002657396,1,NORTHWESTERN FORESTED MOUNTAINS
116995,0,4,0,0.5,0.25,30,438,60.53227815,0,NORTH AMERICAN DESERTS
117165,0,6,0,0.5,0,210,267,248.6914228,1,NORTH AMERICAN DESERTS
117217,0,2,0,0.666666667,0,196,357,4.141927361,0,NORTH AMERICAN DESERTS
117601,0,2,0.166666667,0.5,0,-19,809,1.96E-05,1,NORTHWESTERN FORESTED MOUNTAINS
117890,0,2,0,0.6,0.2,194.5,406,25.92493939,1,NORTH AMERICAN DESERTS
117919,0,7,0,1,0,185.5,376,4.874870022,0,NORTH AMERICAN DESERTS
118581,0,7,0.2,0.8,0,82.5,423,0.011744023,1,NORTH AMERICAN DESERTS
118642,0,6,0,0.666666667,0.333333333,209,314,1.926333704,1,NORTH AMERICAN DESERTS
119182,0,2,0,0.75,0,-4.5,506,0.089064963,1,NORTHWESTERN FORESTED MOUNTAINS
119357,0,2,0,0.75,0,202.5,367.5,334.3018247,0,NORTH AMERICAN DESERTS
119801,1,3,0.2,0.6,0,18,688.3333333,35.43510271,1,NORTHWESTERN FORESTED MOUNTAINS
120076,0,5,0,1,0,196,429,20.70360022,1,NORTH AMERICAN DESERTS
120098,0,3,0,0.666666667,0,197.75,327.75,131.4254081,1,NORTH AMERICAN DESERTS
120637,0,2,0,0.5,0.5,60.5,348.5,0.497483821,1,NORTH AMERICAN DESERTS
120805,0,47,0,0.5,0,203.5,330.5,228.7150186,1,NORTH AMERICAN DESERTS
121181,0,7,0.166666667,0.5,0,-9,663,0.288517932,1,NORTHWESTERN FORESTED MOUNTAINS
121385,0,3,0,1,0,94.5,241.5,0,0,NORTH AMERICAN DESERTS
121514,0,402,0,0.75,0,201.5,320.5,500.3792321,1,NORTH AMERICAN DESERTS
121890,1,14,0.166666667,0.5,0,-30.5,683,0.007108464,1,NORTHWESTERN FORESTED MOUNTAINS
121946,0,5,0.166666667,0.333333333,0,50,640,0.184612088,0,NORTHWESTERN FORESTED MOUNTAINS
122130,0,42,0,1,0,63,341,2.688051457,1,NORTH AMERICAN DESERTS
122221,0,33,0,0.333333333,0,202,310.5,931.0479549,1,NORTH AMERICAN DESERTS
122607,1,60,0.2,0.6,0,13.5,621,8.852890313,1,NORTHWESTERN FORESTED MOUNTAINS
122786,0,2,0,1,0,95,253,0,0,NORTH AMERICAN DESERTS
122917,0,17,0,0.666666667,0,193.5,369,691.5222806,1,NORTH AMERICAN DESERTS
123301,1,9,0.166666667,0.5,0,-16.5,665,0,1,NORTHWESTERN FORESTED MOUNTAINS
123377,0,3,0.25,0.75,0,38,461,0.051746219,1,NORTHWESTERN FORESTED MOUNTAINS
123617,0,30,0,0.75,0,184,434,139.1787107,1,NORTH AMERICAN DESERTS
123989,0,5,0.142857143,0.428571429,0,-14,618,0.019572236,1,NORTHWESTERN FORESTED MOUNTAINS
124010,0,2,0.2,0.6,0,-9.25,641.25,0,1,NORTHWESTERN FORESTED MOUNTAINS
124327,0,52,0,0.75,0,194,356,528.3571448,1,NORTH AMERICAN DESERTS
124712,2,9,0.2,0.6,0,-14.5,634,0.410480572,1,NORTHWESTERN FORESTED MOUNTAINS
124797,0,2,0.25,0.75,0,39,445,16.35707788,0,NORTHWESTERN FORESTED MOUNTAINS
124958,0,2,0,1,0,123.5,179,0.404789147,1,NORTH AMERICAN DESERTS
125416,0,4,0,0.6,0,-26.5,647.5,0.034475664,1,NORTHWESTERN FORESTED MOUNTAINS
125607,0,2,0,1,0,89.5,342.5,0.262929452,0,NORTH AMERICAN DESERTS
126129,5,22,0.2,0.6,0,-13.5,615,0.056519479,1,NORTHWESTERN FORESTED MOUNTAINS
126197,0,4,0.4,0.6,0,42,536,0.130574192,0,NORTHWESTERN FORESTED MOUNTAINS
126372,0,2,0,1,0,142,120,0.140210211,1,NORTH AMERICAN DESERTS
126908,0,2,0.25,0.5,0.25,70,422,1.606829842,0,NORTHWESTERN FORESTED MOUNTAINS
126929,0,8,0.25,0.75,0,37.75,424.25,0.426023661,0,NORTHWESTERN FORESTED MOUNTAINS
127563,4,144,0.166666667,0.5,0,-8,586,66.20229883,1,NORTHWESTERN FORESTED MOUNTAINS
127639,0,7,0,0.666666667,0,49.5,416.5,44.16002219,1,NORTHWESTERN FORESTED MOUNTAINS
127745,0,2,0.25,0.75,0,70.5,591,162.0700115,0,NORTH AMERICAN DESERTS
128293,0,2,0.2,0.6,0,-20,653,0.068066753,1,NORTHWESTERN FORESTED MOUNTAINS
128360,0,11,0,0.75,0,52.75,417,447.8384251,1,NORTHWESTERN FORESTED MOUNTAINS
128460,0,6,0,0,0,109,392.5,0,0,NORTH AMERICAN DESERTS
129017,0,4,0.2,0.6,0,-15.5,629.5,0.279566157,1,NORTHWESTERN FORESTED MOUNTAINS
129069,0,4,0.142857143,0.428571429,0,63,516.5,13.35164917,1,NORTHWESTERN FORESTED MOUNTAINS
129086,0,5,0.25,0.75,0,43.5,460,8.429818802,1,NORTHWESTERN FORESTED MOUNTAINS
129195,0,3,0,1,0,79,541,0.992411422,0,NORTH AMERICAN DESERTS
129748,1,5,0.428571429,0.428571429,0,-13,625.5,0.291371744,1,NORTHWESTERN FORESTED MOUNTAINS
129794,0,2,0,0.5,0.166666667,59.5,518,276.3844086,0,NORTHWESTERN FORESTED MOUNTAINS
129838,0,2,0,0.5,0.5,22.5,331,0.926435513,0,NORTHWESTERN FORESTED MOUNTAINS
129919,0,7,0,0.25,0,108,415,0,1,NORTH AMERICAN DESERTS
129941,0,2,0,0.666666667,0.333333333,72,413.5,9.76806496,1,NORTHWESTERN FORESTED MOUNTAINS
130481,0,7,0.2,0.6,0,-15.5,643.25,0.002322321,1,NORTHWESTERN FORESTED MOUNTAINS
130637,0,5,0,0.333333333,0.166666667,96.5,442,0.375182216,0,NORTH AMERICAN DESERTS
130649,0,11,0,0.333333333,0,104.5,434.5,79.00790445,0,NORTH AMERICAN DESERTS
130694,0,3,0.2,0.8,0,19,524,0,1,NORTHWESTERN FORESTED MOUNTAINS
131243,0,9,0.4,0.6,0,37,636,0.327004996,1,NORTHWESTERN FORESTED MOUNTAINS
131366,0,2,0,0.4,0.2,92.5,440,4.759735023,0,NORTH AMERICAN DESERTS
131382,0,16,0,0.666666667,0,101,409,1324.941246,1,NORTH AMERICAN DESERTS
131938,0,3,0.2,0.6,0,-8,617,0.003886094,1,NORTHWESTERN FORESTED MOUNTAINS
131993,0,2,0.4,0.6,0,38,669.5,1.37258159,1,NORTHWESTERN FORESTED MOUNTAINS
132100,0,26,0,0.5,0.25,87,524.5,665.2567739,1,NORTH AMERICAN DESERTS
132110,0,31,0,0.666666667,0,79.75,572.25,1811.124965,1,NORTH AMERICAN DESERTS
132149,0,5,0,1,0,77.66666667,258.3333333,0,1,NORTH AMERICAN DESERTS
132690,0,4,0.4,0.6,0,22.5,659.5,0.211964062,1,NORTHWESTERN FORESTED MOUNTAINS
132722,0,5,0.25,0.75,0,37,661,3.195652439,1,NORTHWESTERN FORESTED MOUNTAINS
132826,0,2,0.333333333,0.5,0,72.5,536,24.94627011,1,NORTHWESTERN FORESTED MOUNTAINS
132841,0,11,0,0.75,0,63.5,671,28.81328231,1,NORTHWESTERN FORESTED MOUNTAINS
132895,0,3,0,0.666666667,0,129.25,153.5,0,1,NORTH AMERICAN DESERTS
133431,0,5,0.166666667,0.5,0,43,683,0.602527771,1,NORTHWESTERN FORESTED MOUNTAINS
133555,0,3,0.333333333,0.333333333,0,66.5,588,26.08389932,1,NORTHWESTERN FORESTED MOUNTAINS
133570,0,47,0.2,0.6,0,65,634,65.25758511,1,NORTHWESTERN FORESTED MOUNTAINS
134145,1,18,0.333333333,0.5,0.166666667,30,603.5,1.583031476,1,NORTHWESTERN FORESTED MOUNTAINS
134204,0,2,0.25,0.75,0,18,405,0.090797256,0,NORTHWESTERN FORESTED MOUNTAINS
134293,0,9,0.4,0.6,0,58,669,52.86241141,1,NORTHWESTERN FORESTED MOUNTAINS
134885,14,88,0,0.6,0,21,619,0.614005708,1,NORTHWESTERN FORESTED MOUNTAINS
134896,0,3,0.25,0.75,0,29.5,712,0.002017163,1,NORTHWESTERN FORESTED MOUNTAINS
135025,0,3,0,1,0,53,632,27.45158673,0,NORTHWESTERN FORESTED MOUNTAINS
135619,0,6,0.166666667,0.5,0.166666667,31.25,563.75,0.421832868,1,NORTHWESTERN FORESTED MOUNTAINS
135634,0,13,0.25,0.75,0,31,726,0.384228064,1,NORTHWESTERN FORESTED MOUNTAINS
135756,0,6,0,0.666666667,0,52,556,2.480347959,0,NORTHWESTERN FORESTED MOUNTAINS
135830,0,3,0,1,0,102,272,0.692160352,1,NORTH AMERICAN DESERTS
136366,0,4,0.333333333,0.5,0,16,688,0.011371053,1,NORTHWESTERN FORESTED MOUNTAINS
136473,0,2,0,0.666666667,0.333333333,62.66666667,401.6666667,1.356919216,0,NORTH AMERICAN DESERTS
136598,0,3,0,0.666666667,0,128,232,20.79322501,0,NORTH AMERICAN DESERTS
137109,0,10,0.2,0.6,0,16,693.6666667,0,1,NORTHWESTERN FORESTED MOUNTAINS
137242,0,3,0,0.666666667,0,52,559,34.11293137,1,NORTHWESTERN FORESTED MOUNTAINS
137852,0,15,0.166666667,0.5,0,18.66666667,657.3333333,0.015654782,1,NORTHWESTERN FORESTED MOUNTAINS
138594,1,3,0.3,0.3,0.1,32,547,2.380507887,0,NORTHWESTERN FORESTED MOUNTAINS
138799,0,2,0,0.5,0,120,220,37.3477626,0,NORTH AMERICAN DESERTS
139484,0,3,0.4,0.6,0,16,663,0.286399421,1,NORTHWESTERN FORESTED MOUNTAINS
140156,0,2,0,1,0,38.5,356.5,3.853457317,1,NORTHWESTERN FORESTED MOUNTAINS
140338,0,171,0,0.666666667,0,121,237,0.288086132,1,NORTH AMERICAN DESERTS
141100,0,6,0,1,0,121,237,0.084741635,1,NORTH AMERICAN DESERTS
141763,0,3,0,0.5,0,35.5,304,4.834799614,0,NORTH AMERICAN DESERTS
142448,0,2,0.25,0.75,0,44,402,2.284072276,1,NORTHWESTERN FORESTED MOUNTAINS
143229,0,3,0,1,0,46.5,366,0.324594905,1,NORTHWESTERN FORESTED MOUNTAINS
144037,0,2,0.25,0.75,0,30,552,0.339236677,1,NORTHWESTERN FORESTED MOUNTAINS
144789,1,2,0,1,0,58,348.75,0.178321338,1,NORTHWESTERN FORESTED MOUNTAINS
144905,0,3,0,0.4,0.2,109,192,8.592751649,1,NORTH AMERICAN DESERTS
145607,0,2,0.333333333,0.5,0.166666667,25.5,514,41.0783716,1,NORTH AMERICAN DESERTS
146367,0,15,0.2,0.6,0,-7,692.5,0.113038235,1,NORTHWESTERN FORESTED MOUNTAINS
146436,0,4,0,0.5,0,-16,697,0,1,NORTHWESTERN FORESTED MOUNTAINS
147140,0,2,0,0.5,0.5,65,379,0.938883859,0,NORTHWESTERN FORESTED MOUNTAINS
147207,0,2,0,0.5,0,34,251,30.46023225,0,NORTH AMERICAN DESERTS
147944,0,5,0,0.75,0,14,627.5,0.824894415,1,NORTHWESTERN FORESTED MOUNTAINS
148052,0,3,0,1,0,114.6666667,250.3333333,0.055687543,1,NORTH AMERICAN DESERTS
148731,0,4,0,0.428571429,0,17,605,4.485949178,1,NORTHWESTERN FORESTED MOUNTAINS
148755,0,2,0,1,0,19.5,490.5,7.539998213,1,NORTHWESTERN FORESTED MOUNTAINS
149507,0,4,0.25,0.75,0,5.5,695,1.013819987,1,NORTHWESTERN FORESTED MOUNTAINS
149533,3,80,0,0.5,0,-5,638,0.092196544,1,NORTHWESTERN FORESTED MOUNTAINS
149614,0,5,0,0.5,0,100.3333333,264,0.306359267,0,NORTH AMERICAN DESERTS
150304,0,21,0,1,0,-1,649,0.020691957,1,NORTHWESTERN FORESTED MOUNTAINS
150317,2,144,0.166666667,0.5,0,2.333333333,620,0.10492109,1,NORTHWESTERN FORESTED MOUNTAINS
150404,0,7,0,1,0,119,240.5,4.33456545,1,NORTH AMERICAN DESERTS
151085,0,2,0,0.75,0,-7,680,0,1,NORTHWESTERN FORESTED MOUNTAINS
151097,1,9,0,1,0,-5,665.3333333,0.044342821,1,NORTHWESTERN FORESTED MOUNTAINS
151143,0,2,0,0.5,0,53,214,0,0,NORTH AMERICAN DESERTS
151859,0,8,0.2,0.6,0,19.5,665,0.043232003,1,NORTHWESTERN FORESTED MOUNTAINS
151876,1,12,0.25,0.75,0,-5,638.6666667,0.013505897,1,NORTHWESTERN FORESTED MOUNTAINS
151887,0,44,0.2,0.6,0,6.666666667,587.6666667,0.210914303,1,NORTHWESTERN FORESTED MOUNTAINS
152639,1,6,0.2,0.6,0.2,41.5,563,2.107966565,1,NORTHWESTERN FORESTED MOUNTAINS
152658,0,20,0.25,0.75,0,-6,634,0.00189323,1,NORTHWESTERN FORESTED MOUNTAINS
152670,0,7,0.25,0.75,0,-1,618.25,0.080528621,0,NORTHWESTERN FORESTED MOUNTAINS
152813,0,2,0,0.666666667,0,89.5,310,164.2030621,0,NORTH AMERICAN DESERTS
153450,0,32,0,1,0,-10.5,640.5,0.000206781,1,NORTHWESTERN FORESTED MOUNTAINS
153463,0,6,0.25,0.75,0,3,582,0.378528246,0,NORTHWESTERN FORESTED MOUNTAINS
154236,6,59,0,1,0,5,582,0.00771603,1,NORTHWESTERN FORESTED MOUNTAINS
154246,0,3,0.166666667,0.5,0,-4,597,0.001075779,1,NORTHWESTERN FORESTED MOUNTAINS
155026,9,40,0,1,0,1.5,610.5,0.002020986,1,NORTHWESTERN FORESTED MOUNTAINS
155036,0,6,0.166666667,0.333333333,0,-4,582.5,0.000735625,1,NORTHWESTERN FORESTED MOUNTAINS
155807,0,2,0.2,0.6,0.2,56,463,4.399852673,1,NORTHWESTERN FORESTED MOUNTAINS
155826,0,13,0,0.5,0,-4,582.5,0.000199599,1,NORTHWESTERN FORESTED MOUNTAINS
156608,18,128,0,1,0,7.5,557.5,0.003704955,1,NORTHWESTERN FORESTED MOUNTAINS
156627,0,2,0,1,0,-15,576,0.142674011,0,NORTHWESTERN FORESTED MOUNTAINS
156735,0,2,0,0.5,0.5,88,373.5,6.216277838,1,NORTH AMERICAN DESERTS
157406,0,5,0,0.75,0,-10,606.5,0.003062187,1,NORTHWESTERN FORESTED MOUNTAINS
158190,0,20,0.2,0.6,0,0,611.5,0.009921632,1,NORTHWESTERN FORESTED MOUNTAINS
158223,0,2,0,1,0,-12,456.25,0.181846651,1,NORTHWESTERN FORESTED MOUNTAINS
158982,1,52,0.2,0.6,0,-5,648,0.003818669,1,NORTHWESTERN FORESTED MOUNTAINS
159079,0,6,0,0.5,0.25,100.5,274.75,16.60898617,1,NORTH AMERICAN DESERTS
159772,1,14,0.2,0.6,0,-11.25,696.25,0.644881172,1,NORTHWESTERN FORESTED MOUNTAINS
159853,0,4,0,1,0,71.5,285.5,2.962288049,0,NORTH AMERICAN DESERTS
160547,0,4,0.25,0.75,0,37.75,535.25,0.060766812,1,NORTHWESTERN FORESTED MOUNTAINS
160666,0,2,0,1,0,69,434.5,1.846708161,0,NORTH AMERICAN DESERTS
161458,0,16,0,0.666666667,0,111,241,475.256907,1,NORTH AMERICAN DESERTS
162251,0,4,0,0.4,0.2,100.3333333,296,355.998189,1,NORTH AMERICAN DESERTS
162954,0,3,0,1,0,10,505,0.166544954,0,NORTH AMERICAN DESERTS
163743,0,2,0,0.75,0.25,25.5,466,1.987687171,0,NORTH AMERICAN DESERTS
164528,1,17,0,0.666666667,0,-6,676.5,0.008719739,0,NORTHWESTERN FORESTED MOUNTAINS
165321,0,3,0,1,0,7,673.25,0.102005398,1,NORTHWESTERN FORESTED MOUNTAINS
165429,0,2,0,0.333333333,0.333333333,103.5,241,9.659467113,0,NORTH AMERICAN DESERTS
166129,0,2,0.2,0.6,0,15,620.5,0.415235334,1,NORTHWESTERN FORESTED MOUNTAINS
166867,0,2,0.428571429,0.285714286,0.142857143,24,383,0.254046964,1,NORTHWESTERN FORESTED MOUNTAINS
167061,0,2,0,1,0,30.5,617.5,1.315564803,0,NORTHWESTERN FORESTED MOUNTAINS
167169,0,5,0,1,0,171.5,218,0.000909145,0,NORTH AMERICAN DESERTS
167886,0,2,0.2,0.6,0,-12,862,24.00863676,1,NORTHWESTERN FORESTED MOUNTAINS
168711,0,8,0.285714286,0.428571429,0.142857143,34,592,14.46195288,1,NORTH AMERICAN DESERTS
168809,0,5,0,0.5,0.25,162,234,248.1380876,1,NORTH AMERICAN DESERTS
169546,0,3,0,0.75,0,-19,905,0.060742752,0,NORTHWESTERN FORESTED MOUNTAINS
169646,0,4,0,0.4,0.2,169.25,226.75,231.497352,0,NORTH AMERICAN DESERTS
170389,0,5,0,0.666666667,0,-19,905,0.037917832,1,NORTHWESTERN FORESTED MOUNTAINS
170482,0,2,0,0.5,0,145.5,278.5,73.34361194,0,NORTH AMERICAN DESERTS
171047,0,3,0.333333333,0.666666667,0,19,384,0.030237144,1,NORTHWESTERN FORESTED MOUNTAINS
171243,0,6,0,0.666666667,0,-19,898.5,0.049315501,0,NORTHWESTERN FORESTED MOUNTAINS
171353,0,9,0,0.666666667,0,169.5,234.5,10.35899576,1,NORTH AMERICAN DESERTS
172111,0,3,0,1,0,-8,821,0.01093323,1,NORTHWESTERN FORESTED MOUNTAINS
172212,0,10,0,0.5,0,173,220.5,4391.196859,0,NORTH AMERICAN DESERTS
173037,0,2,0,1,0,126,257,0.001450001,1,NORTH AMERICAN DESERTS
173813,0,3,0.25,0.75,0,28,520,0.345911594,1,NORTHWESTERN FORESTED MOUNTAINS
173895,0,6,0,0.5,0,128,241,513.2781226,1,NORTH AMERICAN DESERTS
173958,0,2,0,1,0,161,255,0.972482579,0,NORTH AMERICAN DESERTS
174753,0,2,0.25,0.75,0,52.25,534.5,0.578713172,1,NORTHWESTERN FORESTED MOUNTAINS
175400,0,56,0.428571429,0.285714286,0.142857143,23.5,371.75,0.53234156,1,NORTHWESTERN FORESTED MOUNTAINS
175598,0,3,0,1,0,-14,849,0.070480057,1,NORTHWESTERN FORESTED MOUNTAINS
175646,0,6,0,0.5,0,129.25,237.75,204.8451856,1,NORTH AMERICAN DESERTS
176465,0,2,0,0.333333333,0,26,372,1.114942511,1,NORTHWESTERN FORESTED MOUNTAINS
176559,0,4,0,0.5,0,157.5,235,0.020088383,1,NORTH AMERICAN DESERTS
177361,0,7,0,1,0,8.666666667,809,0.020986138,1,NORTHWESTERN FORESTED MOUNTAINS
177453,0,42,0,1,0,162,248,1.702596159,1,NORTH AMERICAN DESERTS
178240,0,4,0,1,0,9,657.5,0.108767911,1,NORTHWESTERN FORESTED MOUNTAINS
178397,0,14,0,0.4,0.2,191,310,258.8752272,1,NORTH AMERICAN DESERTS
179107,0,13,0.25,0.75,0,-2,569,21.66865745,1,NORTHWESTERN FORESTED MOUNTAINS
179284,0,4,0,0.5,0.166666667,191.5,305,885.8169022,0,NORTH AMERICAN DESERTS
179999,0,2,0,1,0,15.33333333,424,0.197825005,1,NORTHWESTERN FORESTED MOUNTAINS
180088,0,3,0,1,0,145.5,305.5,43.60156972,0,NORTH AMERICAN DESERTS
180892,1,19,0,1,0,17.5,605,6.824943879,1,NORTHWESTERN FORESTED MOUNTAINS
180970,0,2,0,0.75,0,134.5,356.5,24.92424178,1,NORTH AMERICAN DESERTS
181785,0,7,0,1,0,6.5,814.5,0.101065548,1,NORTHWESTERN FORESTED MOUNTAINS
182617,0,5,0.333333333,0.5,0,25,497.5,14.60801339,1,NORTHWESTERN FORESTED MOUNTAINS
183433,0,3,0,1,0,62,296,4.657918632,0,NORTH AMERICAN DESERTS
183526,0,2,0,1,0,7.5,489.75,0.114782539,1,NORTHWESTERN FORESTED MOUNTAINS
184297,0,3,0.25,0.75,0,0.5,563.5,0.3138061,1,NORTHWESTERN FORESTED MOUNTAINS
184414,0,4,0,1,0,37.25,344.75,0.481830993,1,NORTHWESTERN FORESTED MOUNTAINS
185236,0,3,0,0.5,0.5,29.25,447,5.331861957,0,NORTH AMERICAN DESERTS
185292,0,4,0,0.666666667,0.333333333,47.5,261,0.931949689,1,NORTH AMERICAN DESERTS
186130,0,2,0,1,0,13,524,0.275074206,1,NORTHWESTERN FORESTED MOUNTAINS
186161,0,2,0,0.75,0,-6.5,592,0.259316981,1,NORTHWESTERN FORESTED MOUNTAINS
186964,0,3,0,1,0,64,283.5,0.5549833,0,NORTH AMERICAN DESERTS
187034,0,3,0.2,0.6,0,1,522,2.103316436,1,NORTHWESTERN FORESTED MOUNTAINS
187823,0,2,0,0.5,0,-8.5,598.5,0.009732061,1,NORTHWESTERN FORESTED MOUNTAINS
187914,0,3,0.25,0.75,0,5,490,32.3901263,1,NORTHWESTERN FORESTED MOUNTAINS
188692,0,2,0.25,0.75,0,28,481,0.706211389,1,NORTHWESTERN FORESTED MOUNTAINS
188812,0,3,0,0.25,0.25,53,203,87.05748248,0,NORTH AMERICAN DESERTS
188840,0,3,0.333333333,0.666666667,0,42.5,653.5,0.096842548,1,NORTHWESTERN FORESTED MOUNTAINS
189633,0,38,0,1,0,25.5,607.75,0.547421862,0,NORTHWESTERN FORESTED MOUNTAINS
189657,0,4,0,1,0,-11,604,6.502843211,1,NORTHWESTERN FORESTED MOUNTAINS
189704,0,5,0,1,0,75,343.5,18.02218543,0,NORTH AMERICAN DESERTS
190505,0,6,0,0.5,0.5,27,662,7.597428064,0,NORTHWESTERN FORESTED MOUNTAINS
190529,0,4,0,0.75,0,-6.333333333,572.3333333,3.982583838,1,NORTHWESTERN FORESTED MOUNTAINS
190577,0,2,0,1,0,75,343.5,45.54451617,0,NORTH AMERICAN DESERTS
191372,0,4,0,1,0,7.5,532,0,1,NORTHWESTERN FORESTED MOUNTAINS
191404,0,8,0.2,0.6,0,-7.5,617.5,57.28359682,1,NORTHWESTERN FORESTED MOUNTAINS
191452,0,4,0.2,0.6,0,45,472,2.215014095,1,NORTHWESTERN FORESTED MOUNTAINS
192251,0,6,0.333333333,0.666666667,0,13.33333333,509.3333333,0.129885695,1,NORTHWESTERN FORESTED MOUNTAINS
192308,0,5,0,1,0,37,402.5,9.691080074,1,NORTH AMERICAN DESERTS
192422,0,2,0,0.666666667,0,162.5,290.5,6.098052469,0,NORTH AMERICAN DESERTS
193155,0,20,0.25,0.75,0,3.5,625,0.165924526,1,NORTHWESTERN FORESTED MOUNTAINS
193176,0,2,0,1,0,12,428,2.995524526,0,NORTHWESTERN FORESTED MOUNTAINS
193217,0,5,0.2,0.6,0,15,642,0.269597587,1,NORTHWESTERN FORESTED MOUNTAINS
194040,0,2,0,1,0,13,603.5,0.020495681,1,NORTHWESTERN FORESTED MOUNTAINS
194054,0,5,0.25,0.75,0,3,638,5.111217107,1,NORTHWESTERN FORESTED MOUNTAINS
194087,0,2,0.25,0.75,0,23,500.5,0.316343333,1,NORTHWESTERN FORESTED MOUNTAINS
194218,0,4,0,1,0,168.75,328.75,0.009907243,1,NORTH AMERICAN DESERTS
194937,0,64,0,0.5,0,2.5,618.5,11.15178037,1,NORTHWESTERN FORESTED MOUNTAINS
194949,0,8,0,1,0,-13.5,710,0.390540004,1,NORTHWESTERN FORESTED MOUNTAINS
195004,0,2,0,1,0,40,569,1.55987126,0,NORTHWESTERN FORESTED MOUNTAINS
195821,1,392,0,1,0,-15,728,0.006057216,1,NORTHWESTERN FORESTED MOUNTAINS
195834,0,23,0.25,0.75,0,-5,677,4.114441227,1,NORTHWESTERN FORESTED MOUNTAINS
195985,0,2,0,0.666666667,0,162.5,323,0.940073923,0,NORTH AMERICAN DESERTS
196715,0,2,0.2,0.6,0,-0.75,665.75,0.001625373,1,NORTHWESTERN FORESTED MOUNTAINS
196730,0,2,0.25,0.75,0,9.5,516,0.021862242,1,NORTHWESTERN FORESTED MOUNTAINS
197584,0,2,0,0.333333333,0.333333333,51,316,0.395410066,0,NORTH AMERICAN DESERTS
197603,0,35,0.2,0.6,0,4,641,3.135905687,1,NORTHWESTERN FORESTED MOUNTAINS
197613,0,6,0.25,0.75,0,18.5,565.5,9.187520657,1,NORTHWESTERN FORESTED MOUNTAINS
197739,0,12,0,1,0,163,289,0.380148997,1,NORTH AMERICAN DESERTS
197829,0,2,0,0.5,0,194,282,0.122961755,1,NORTH AMERICAN DESERTS
198487,0,29,0,0.75,0,30.5,503,34.23448836,1,NORTHWESTERN FORESTED MOUNTAINS
198497,0,4,0.25,0.75,0,36.5,504,16.58722929,1,NORTHWESTERN FORESTED MOUNTAINS
198531,0,3,0,1,0,64,392,1.483439018,1,NORTHWESTERN FORESTED MOUNTAINS
198653,0,2,0,1,0,156,313,0.003076563,0,NORTH AMERICAN DESERTS
198734,0,25,0,0.75,0.25,205,277,62.67837858,1,NORTH AMERICAN DESERTS
199377,0,7,0.2,0.6,0,47,441.5,9.157485545,0,NORTHWESTERN FORESTED MOUNTAINS
199388,0,20,0.2,0.6,0,47.5,479.5,152.9081911,1,NORTHWESTERN FORESTED MOUNTAINS
199435,0,2,0,1,0,54,449,0.113750991,0,NORTHWESTERN FORESTED MOUNTAINS
199559,0,5,0,0.666666667,0,190,310.5,0.103987254,1,NORTH AMERICAN DESERTS
200241,0,2,0,1,0,41,380.5,2.592180341,1,NORTHWESTERN FORESTED MOUNTAINS
200263,1,30,0.166666667,0.5,0,58,470.5,15.60408757,1,NORTHWESTERN FORESTED MOUNTAINS
200278,0,2,0,1,0,25.75,494.75,23.97169876,1,NORTHWESTERN FORESTED MOUNTAINS
200414,0,2,0,1,0,148.6666667,368.3333333,0.090210424,0,NORTH AMERICAN DESERTS
200444,0,4,0,1,0,182,337,0.091297153,1,NORTH AMERICAN DESERTS
201129,0,3,0,1,0,60,403.25,5.49177033,1,NORTHWESTERN FORESTED MOUNTAINS
201150,0,2,0.166666667,0.5,0,62.5,450.5,7.420483753,1,NORTHWESTERN FORESTED MOUNTAINS
201175,0,2,0.2,0.6,0,72,460,10.47964307,1,NORTHWESTERN FORESTED MOUNTAINS
201295,0,5,0,1,0,146.5,376.5,2.018407021,0,NORTH AMERICAN DESERTS
201320,0,7,0,1,0,190,328,8.14079422,1,NORTH AMERICAN DESERTS
202006,1,2,0,0.666666667,0.333333333,72.5,383,5.913186891,1,NORTHWESTERN FORESTED MOUNTAINS
202036,0,2,0.166666667,0.5,0,31.5,530.5,21.93742105,1,NORTHWESTERN FORESTED MOUNTAINS
202174,0,13,0,1,0,150,364.5,1.003559136,0,NORTH AMERICAN DESERTS
202261,0,2,0,0.75,0.25,206,265,11.83517774,1,NORTH AMERICAN DESERTS
202922,0,6,0.2,0.6,0,36,535,46.96420291,1,NORTHWESTERN FORESTED MOUNTAINS
203074,0,3,0,0.666666667,0,181,345,0.010081657,1,NORTH AMERICAN DESERTS
203941,0,2,0,1,0,150,389,0.069320916,0,NORTH AMERICAN DESERTS
204725,0,2,0,0.6,0,77.5,447,31.75036601,1,NORTHWESTERN FORESTED MOUNTAINS
204838,0,3,0,1,0,156,371.5,1.126960173,0,NORTH AMERICAN DESERTS
205725,0,3,0,1,0,159,377,0.057564075,0,NORTH AMERICAN DESERTS
205819,0,2,0,1,0,200.3333333,291,2.310117091,1,NORTH AMERICAN DESERTS
206649,0,24,0,0.666666667,0,203,292.75,0.091263816,1,NORTH AMERICAN DESERTS
207539,0,2,0,0.666666667,0,190.75,337,0.491559885,0,NORTH AMERICAN DESERTS
208439,0,6,0,1,0,194,327,0.025606066,1,NORTH AMERICAN DESERTS
210110,0,2,0,1,0,81,468,0.068500122,0,NORTHWESTERN FORESTED MOUNTAINS
211122,0,2,0,1,0,177,369.5,0.090776088,0,NORTH AMERICAN DESERTS
212013,0,35,0,1,0,163,402,4.001368489,0,NORTH AMERICAN DESERTS
212032,0,3,0,1,0,210,259,0.002056103,1,NORTH AMERICAN DESERTS
212919,0,3,0,0.5,0,206,283,0,1,NORTH AMERICAN DESERTS
213793,0,20,0,1,0,164,403,0.006510233,0,NORTH AMERICAN DESERTS
214697,0,9,0,1,0,197,319,0.06694335,0,NORTH AMERICAN DESERTS
216466,0,3,0,1,0,163,407,0.031959546,0,NORTH AMERICAN DESERTS
217379,0,11,0,1,0,200,279,0.116541391,1,NORTH AMERICAN DESERTS
218250,0,3,0,1,0,173,381.5,0.029448199,0,NORTH AMERICAN DESERTS
219135,0,3,0,1,0,172,385.5,0,0,NORTH AMERICAN DESERTS
219166,0,3,0,1,0,182.3333333,326.6666667,1.081602458,0,NORTH AMERICAN DESERTS
221037,0,2,0,0.666666667,0.333333333,167,425.5,25.00477225,0,NORTH AMERICAN DESERTS
222721,0,14,0,1,0,182,365,0.000928136,0,NORTH AMERICAN DESERTS
224237,0,3,0.25,0.5,0,68,618,39.00397065,1,NORTHWESTERN FORESTED MOUNTAINS
225126,0,4,0.333333333,0.5,0,71,591,23.24623128,1,NORTHWESTERN FORESTED MOUNTAINS
225463,0,20,0,1,0,175,339,0.023639736,0,NORTH AMERICAN DESERTS
226034,0,3,0,0.666666667,0,80,426,38.52897736,1,NORTHWESTERN FORESTED MOUNTAINS
226915,0,4,0.2,0.4,0,66,521.5,5.564974328,1,NORTHWESTERN FORESTED MOUNTAINS
227147,0,2,0,1,0,198.5,333.5,0.031892928,0,NORTH AMERICAN DESERTS
227811,0,59,0,1,0,77.66666667,456,0.413000315,1,NORTHWESTERN FORESTED MOUNTAINS
228986,0,2,0,1,0,212,304,17.27145649,0,NORTH AMERICAN DESERTS
229835,0,4,0,1,0,185,389,0.024975766,0,NORTH AMERICAN DESERTS
230855,0,3,0,1,0,164.5,321,0.899833144,0,NORTH AMERICAN DESERTS
233445,0,2,0,1,0,208.5,359,0,0,NORTH AMERICAN DESERTS
235307,0,2,0,1,0,182.75,452,3.364145088,0,NORTH AMERICAN DESERTS
236254,0,2,0,0.6,0.2,177.5,362,5155.396354,0,NORTH AMERICAN DESERTS
237121,0,2,0,0.75,0,183,435.5,3.932770103,0,NORTH AMERICAN DESERTS
237170,0,4,0,1,0,178.5,393,44.60937881,1,NORTH AMERICAN DESERTS
238070,0,2,0,1,0,181.5,380,14.82309612,0,NORTH AMERICAN DESERTS
238981,0,3,0.25,0.75,0,173.5,393,34.48800428,0,NORTH AMERICAN DESERTS
240740,0,2,0,0.666666667,0.333333333,176.5,423.5,5.167741627,1,NORTH AMERICAN DESERTS
241571,0,4,0,1,0,211,411.5,272.9719205,0,NORTH AMERICAN DESERTS
242548,0,5,0,1,0,172,412,2.547448466,1,NORTH AMERICAN DESERTS
243450,0,2,0,1,0,170,418,4.076848641,0,NORTH AMERICAN DESERTS
245244,0,5,0,1,0,203.75,366.75,75.89466716,0,NORTH AMERICAN DESERTS
247971,0,3,0,0.666666667,0.333333333,165,406,11.8659968,0,NORTH AMERICAN DESERTS
